# Grenade - upper | scaled longest->4 (FAMAS match) | up +Y
mtllib miks2.mtl
g upper
v 0.654039 -1.077591 0.389732
v 0.602509 -0.917728 0.421088
v 0.642933 -0.937461 0.577425
v 0.699109 -1.092874 0.565104
v 0.452345 -1.277481 0.439618
v 0.584558 -1.223607 0.398550
v 0.624554 -1.241879 0.589924
v 0.477597 -1.297705 0.630897
v 0.246886 -1.097891 0.522918
v 0.317010 -1.226132 0.490823
v 0.340380 -1.237555 0.666387
v 0.282984 -1.101513 0.680679
v 0.438649 -0.863969 0.476621
v 0.287626 -0.952780 0.518086
v 0.335012 -0.961751 0.665734
v 0.481108 -0.885879 0.623274
v 0.724537 -0.929865 0.856660
v 0.796938 -1.089718 0.837712
v 0.765157 -1.108478 0.741514
v 0.704911 -0.942679 0.754134
v 0.736874 -1.258444 0.857939
v 0.579563 -1.333706 0.907281
v 0.562415 -1.334837 0.810681
v 0.703752 -1.267033 0.765618
v 0.418344 -1.269229 0.958316
v 0.346949 -1.105470 0.979852
v 0.331542 -1.117299 0.877793
v 0.411442 -1.276544 0.856135
v 0.407283 -0.940644 0.956991
v 0.563485 -0.869611 0.905084
v 0.543495 -0.871287 0.802980
v 0.383085 -0.945471 0.856907
v 0.730581 -0.941298 0.889046
v 0.577003 -0.880753 0.937413
v 0.740820 -1.258979 0.886608
v 0.798437 -1.097965 0.868001
v 0.437904 -1.269477 0.982334
v 0.591483 -1.330022 0.933966
v 0.427665 -0.951796 0.984771
v 0.370049 -1.112811 1.003379
v 0.601591 -1.107794 1.034737
v 0.600041 -1.107183 1.035225
v 0.491569 -1.224201 1.047050
v 0.602672 -1.268001 1.012060
v 0.599356 -1.105602 1.035438
v 0.599938 -1.103977 1.035250
v 0.484161 -0.994382 1.048814
v 0.442480 -1.110864 1.062274
v 0.602994 -1.103871 1.034284
v 0.603679 -1.105452 1.034072
v 0.752388 -1.100124 0.964339
v 0.703299 -0.986787 0.979563
v 0.603097 -1.107077 1.034259
v 0.710707 -1.216607 0.977800
v 0.601445 -1.103261 1.034772
v 0.592196 -0.942987 1.014553
v 0.146814 -1.055799 0.343558
v 0.168584 -1.228397 0.282883
v 0.164004 -0.792306 0.335573
v 0.146814 -0.902156 0.381308
v 0.387902 -0.836223 0.232017
v 0.423386 -1.252696 0.103366
v 0.647527 -1.037808 0.114299
v 0.276398 -1.282415 0.140912
v 0.298101 -1.154131 -0.559882
v 0.501521 -1.116266 -0.456579
v 0.583319 -1.084567 -0.259637
v 0.406147 -1.237895 -0.225512
v 0.130455 -1.178830 -0.619093
v 0.247175 -1.266449 -0.226288
v 0.000000 -1.184822 -0.623390
v 0.000000 -1.235809 -0.274835
v 0.000000 -1.192352 0.229394
v 0.000000 -1.281924 0.115519
v 0.127575 -1.002625 -0.660011
v 0.304849 -0.974082 -0.616202
v 0.595473 -0.818761 0.027134
v 0.338962 -0.717612 0.188277
v 0.526478 -0.926655 -0.477744
v 0.564583 -0.871039 -0.245505
v 0.145239 -0.703366 0.276101
v 0.000000 -0.743710 0.315862
v 0.000000 -0.832218 0.342498
v 0.000000 -1.010081 -0.667797
v 0.132264 -0.542563 0.218734
v 0.000000 -0.544490 0.229980
v 0.495351 -0.605081 -0.284678
v 0.516419 -0.725519 -0.075937
v 0.298520 -0.722309 -0.560407
v 0.000000 -0.752591 -0.600058
v 0.133197 -0.744770 -0.595369
v 0.524989 -0.590909 0.124956
v 0.344176 -0.576794 0.193564
v 0.344707 -0.334757 0.108363
v 0.165082 -0.366894 0.198825
v 0.000000 -0.368217 0.215122
v 0.278476 -0.374905 -0.380031
v 0.493556 -0.364544 -0.261556
v 0.000000 -0.381866 -0.473635
v 0.110840 -0.379597 -0.457236
v 0.481687 -0.381796 0.080131
v 0.669546 -0.797239 0.088105
v 0.746410 -0.618366 0.087663
v 0.773875 -0.524665 -0.081630
v 0.724029 -0.588622 -0.231873
v 0.474355 -0.317363 -0.082969
v 0.647611 -0.788709 -0.230904
v 0.620147 -0.882410 -0.080745
v 0.175216 -0.252310 -0.144590
v 0.200853 -0.248495 -0.067250
v 0.125047 -0.254970 -0.189237
v 0.000000 -0.257023 -0.207851
v 0.074246 -0.256337 -0.204997
v 0.183947 -0.244876 0.017965
v 0.133694 -0.242951 0.075124
v 0.078843 -0.242669 0.097157
v 0.000000 -0.243068 0.101700
v 0.920741 -0.780289 0.083339
v 0.961189 -0.700119 -0.072498
v 0.762566 -0.999429 -0.071015
v 0.821429 -0.929944 0.084081
v 0.902327 -0.769604 -0.227594
v 0.803015 -0.919259 -0.226852
v 0.939048 -1.053383 0.084081
v 1.061557 -0.921590 0.083339
v 1.114578 -0.848916 -0.072498
v 1.045091 -0.908034 -0.227594
v 0.922582 -1.039826 -0.226852
v 0.869561 -1.112501 -0.071015
v 0.997329 -1.057101 -0.177413
v 1.077940 -0.970382 -0.177901
v 1.072137 -1.043864 -0.078963
v 1.123662 -0.931482 -0.075848
v 1.088774 -0.979302 0.026694
v 1.008164 -1.066022 0.027182
v 0.962441 -1.104922 -0.074872
v 0.593947 -0.150495 -0.086020
v 0.535610 -0.173076 0.187350
v 0.379697 -0.239646 0.123625
v 0.422277 -0.238520 -0.079299
v 0.214177 -0.235828 -0.574735
v 0.392752 -0.231023 -0.519335
v 0.265522 -0.287755 -0.393546
v 0.135718 -0.291248 -0.433815
v 0.403642 -0.203513 0.462561
v 0.198505 -0.213228 0.522608
v 0.129450 -0.270724 0.342180
v 0.276578 -0.265386 0.295730
v 0.000000 -0.216589 0.547950
v 0.000000 -0.272852 0.359092
v 0.540291 -0.159967 -0.364555
v 0.377405 -0.246040 -0.280689
v 0.000000 -0.238239 -0.584768
v 0.000000 -0.293001 -0.441108
v 0.424574 0.053633 -0.753302
v 0.681974 0.067334 -0.529917
v 0.623423 -0.032203 -0.446153
v 0.408663 -0.088695 -0.636319
v 0.000000 0.043818 -0.863084
v 0.173920 0.046121 -0.842948
v 0.194049 -0.094854 -0.708841
v 0.000000 -0.097211 -0.723926
v 0.723474 0.103142 0.253432
v 0.468455 0.112032 0.531668
v 0.436048 -0.040886 0.501175
v 0.671824 -0.018485 0.228540
v 0.764951 0.098576 -0.154607
v 0.702397 -0.017966 -0.120313
v 0.197999 0.113839 0.654469
v 0.198221 -0.046530 0.620625
v 0.000000 0.113662 0.684133
v 0.000000 -0.044708 0.639903
v 0.488370 0.452407 0.543544
v 0.192826 0.454293 0.671706
v 0.000000 0.454108 0.671141
v 0.730407 0.405757 -0.595915
v 0.807958 0.425099 -0.204218
v 0.429293 0.391458 -0.829053
v 0.000000 0.381215 -0.943628
v 0.167695 0.383618 -0.922612
v 0.773719 0.443129 0.221635
v 0.672650 0.737194 -0.527538
v 0.779355 0.748814 -0.192279
v 0.439585 0.725122 -0.748378
v 0.000000 0.719626 -0.858730
v 0.197419 0.721600 -0.833591
v 0.708246 0.758288 0.168246
v 0.478575 0.762274 0.437949
v 0.220605 0.762729 0.563119
v 0.000000 0.762654 0.584674
v 0.554783 1.053458 0.093065
v 0.399641 1.056768 0.293209
v 0.605289 1.046274 -0.183030
v 0.182681 1.025894 -0.679520
v 0.373504 1.028961 -0.607970
v 0.199615 1.057420 0.394904
v 0.000000 1.057366 0.424958
v 0.529876 1.037498 -0.440126
v 0.000000 1.024045 -0.705344
v 0.033500 1.194823 -0.156891
v 0.030711 1.195454 -0.142882
v 0.240034 1.190592 -0.068621
v 0.259817 1.186561 -0.165448
v 0.010878 1.193298 -0.190713
v 0.022767 1.193656 -0.182777
v 0.174155 1.178725 -0.312204
v 0.089415 1.176545 -0.342503
v 0.022767 1.195990 -0.131005
v 0.010878 1.196347 -0.123070
v 0.095602 1.193711 0.037087
v 0.184047 1.192841 -0.001324
v 0.000000 1.196473 -0.120283
v 0.000000 1.193912 0.053854
v 0.030711 1.194191 -0.170900
v 0.231133 1.182046 -0.255785
v 0.000000 1.193172 -0.193499
v 0.000000 1.175417 -0.355436
v 0.000000 -0.916526 0.333795
v 0.000000 -1.028178 0.322749
v -0.654039 -1.077591 0.389732
v -0.699109 -1.092874 0.565104
v -0.642933 -0.937461 0.577425
v -0.602509 -0.917728 0.421088
v -0.452345 -1.277481 0.439618
v -0.477597 -1.297705 0.630897
v -0.624554 -1.241879 0.589924
v -0.584558 -1.223607 0.398550
v -0.246886 -1.097891 0.522918
v -0.282984 -1.101513 0.680679
v -0.340380 -1.237555 0.666387
v -0.317010 -1.226132 0.490823
v -0.438649 -0.863969 0.476621
v -0.481108 -0.885879 0.623274
v -0.335012 -0.961751 0.665734
v -0.287626 -0.952780 0.518086
v -0.724537 -0.929865 0.856660
v -0.704911 -0.942679 0.754134
v -0.765157 -1.108478 0.741514
v -0.796938 -1.089718 0.837712
v -0.736874 -1.258444 0.857939
v -0.703752 -1.267033 0.765618
v -0.562415 -1.334837 0.810681
v -0.579563 -1.333706 0.907281
v -0.418344 -1.269229 0.958316
v -0.411442 -1.276544 0.856135
v -0.331542 -1.117299 0.877793
v -0.346949 -1.105470 0.979852
v -0.407283 -0.940644 0.956991
v -0.383085 -0.945471 0.856907
v -0.543495 -0.871287 0.802980
v -0.563485 -0.869611 0.905084
v -0.730581 -0.941298 0.889046
v -0.577003 -0.880753 0.937413
v -0.740820 -1.258979 0.886608
v -0.798437 -1.097965 0.868001
v -0.437904 -1.269477 0.982334
v -0.591483 -1.330022 0.933966
v -0.427665 -0.951796 0.984771
v -0.370049 -1.112811 1.003379
v -0.601591 -1.107794 1.034737
v -0.602672 -1.268001 1.012060
v -0.491569 -1.224201 1.047050
v -0.600041 -1.107183 1.035225
v -0.599356 -1.105602 1.035438
v -0.442480 -1.110864 1.062274
v -0.484161 -0.994382 1.048814
v -0.599938 -1.103977 1.035250
v -0.602994 -1.103871 1.034284
v -0.703299 -0.986787 0.979563
v -0.752388 -1.100124 0.964339
v -0.603679 -1.105452 1.034072
v -0.603097 -1.107077 1.034259
v -0.710707 -1.216607 0.977800
v -0.592196 -0.942987 1.014553
v -0.601445 -1.103261 1.034772
v -0.146814 -1.055799 0.343558
v -0.168584 -1.228397 0.282883
v -0.164004 -0.792306 0.335573
v -0.146814 -0.902156 0.381308
v -0.387902 -0.836223 0.232017
v -0.423386 -1.252696 0.103366
v -0.647527 -1.037808 0.114299
v -0.276398 -1.282415 0.140912
v -0.298101 -1.154131 -0.559882
v -0.406147 -1.237895 -0.225512
v -0.583319 -1.084567 -0.259637
v -0.501521 -1.116266 -0.456579
v -0.130455 -1.178830 -0.619093
v -0.247175 -1.266449 -0.226288
v -0.127575 -1.002625 -0.660011
v -0.304849 -0.974082 -0.616202
v -0.595473 -0.818761 0.027134
v -0.338962 -0.717612 0.188277
v -0.526478 -0.926655 -0.477744
v -0.564583 -0.871039 -0.245505
v -0.145239 -0.703366 0.276101
v -0.132264 -0.542563 0.218734
v -0.495351 -0.605081 -0.284678
v -0.516419 -0.725519 -0.075937
v -0.298520 -0.722309 -0.560407
v -0.133197 -0.744770 -0.595369
v -0.524989 -0.590909 0.124956
v -0.344176 -0.576794 0.193564
v -0.344707 -0.334757 0.108363
v -0.165082 -0.366894 0.198825
v -0.278476 -0.374905 -0.380031
v -0.467413 -0.365245 -0.230336
v -0.110840 -0.379597 -0.457236
v -0.481687 -0.381796 0.080131
v -0.669546 -0.797239 0.088105
v -0.746410 -0.618366 0.087663
v -0.773875 -0.524665 -0.081630
v -0.474355 -0.348656 -0.082969
v -0.724029 -0.588622 -0.231873
v -0.647611 -0.788709 -0.230904
v -0.620147 -0.882410 -0.080745
v -0.175216 -0.252310 -0.144590
v -0.200853 -0.248495 -0.067250
v -0.125047 -0.254970 -0.189237
v -0.074246 -0.256337 -0.204997
v -0.183947 -0.244876 0.017965
v -0.133694 -0.242951 0.075124
v -0.078843 -0.242669 0.097157
v -0.920741 -0.780289 0.083339
v -0.961189 -0.700119 -0.072498
v -0.762566 -0.999429 -0.071015
v -0.821429 -0.929944 0.084081
v -0.902327 -0.769604 -0.227594
v -0.803015 -0.919259 -0.226852
v -0.939048 -1.053383 0.084081
v -1.061557 -0.921590 0.083339
v -1.114578 -0.848916 -0.072498
v -1.045091 -0.908034 -0.227594
v -0.922582 -1.039826 -0.226852
v -0.869561 -1.112501 -0.071015
v -0.997329 -1.057101 -0.177413
v -1.068606 -1.040334 -0.078963
v -1.077940 -0.970382 -0.177901
v -1.123662 -0.931482 -0.075848
v -1.088774 -0.979302 0.026694
v -1.008164 -1.066022 0.027182
v -0.962441 -1.104922 -0.074872
v -0.593947 -0.146258 -0.086020
v -0.422277 -0.238520 -0.079299
v -0.379697 -0.239646 0.123625
v -0.535610 -0.166695 0.187350
v -0.214177 -0.235828 -0.574735
v -0.135718 -0.291248 -0.433815
v -0.265522 -0.287755 -0.393546
v -0.392752 -0.231023 -0.519335
v -0.403642 -0.203513 0.462561
v -0.276578 -0.265386 0.295730
v -0.129450 -0.270724 0.342180
v -0.198505 -0.213228 0.522608
v -0.540291 -0.159967 -0.364555
v -0.377405 -0.246040 -0.280689
v -0.424574 0.053633 -0.753302
v -0.408663 -0.088695 -0.636319
v -0.623423 -0.032203 -0.446153
v -0.681974 0.067334 -0.529917
v -0.194049 -0.094854 -0.708841
v -0.173920 0.046121 -0.842948
v -0.723474 0.103142 0.253432
v -0.671824 -0.018485 0.228540
v -0.436048 -0.040886 0.501175
v -0.468455 0.112032 0.531668
v -0.764951 0.098576 -0.154607
v -0.702397 -0.017966 -0.120313
v -0.198221 -0.046530 0.620625
v -0.197999 0.113839 0.654469
v -0.488370 0.452407 0.543544
v -0.192826 0.454293 0.671706
v -0.730407 0.405757 -0.595915
v -0.807958 0.425099 -0.204218
v -0.429293 0.391458 -0.829053
v -0.167695 0.383618 -0.922612
v -0.773719 0.443129 0.221635
v -0.672650 0.737194 -0.527538
v -0.779355 0.748814 -0.192279
v -0.439585 0.725122 -0.748378
v -0.197419 0.721600 -0.833591
v -0.708246 0.758288 0.168246
v -0.478575 0.762274 0.437949
v -0.220605 0.762729 0.563119
v -0.554783 1.053458 0.093065
v -0.399641 1.056768 0.293209
v -0.605289 1.046274 -0.183030
v -0.182681 1.025894 -0.679520
v -0.373504 1.028961 -0.607970
v -0.199615 1.057420 0.394904
v -0.529876 1.037498 -0.440126
v -0.033500 1.194823 -0.156891
v -0.259817 1.186561 -0.165448
v -0.240034 1.190592 -0.068621
v -0.030711 1.195454 -0.142882
v -0.010878 1.193298 -0.190713
v -0.089415 1.176545 -0.342503
v -0.174155 1.178725 -0.312204
v -0.022767 1.193656 -0.182777
v -0.022767 1.195990 -0.131005
v -0.184047 1.192841 -0.001324
v -0.095602 1.193711 0.037087
v -0.010878 1.196347 -0.123070
v -0.030711 1.194191 -0.170900
v -0.231133 1.182046 -0.255785
v 0.216724 0.241445 -0.987602
v 0.670882 0.277844 -0.843686
v 0.540976 -0.082807 -0.734489
v 0.190905 -0.124437 -0.813250
v -0.216724 0.241445 -0.987602
v -0.151916 -0.128876 -0.772960
v -0.649841 0.249294 -0.840906
v -0.568030 -0.073794 -0.657087
v 0.216724 0.740781 -1.062274
v 0.706818 0.634102 -0.905181
v -0.216724 0.740781 -1.062274
v -0.650173 0.647280 -0.909573
v 0.180325 1.147874 -0.870041
v 0.540976 1.043071 -0.778414
v -0.180325 1.147874 -0.870041
v -0.540976 1.043071 -0.778414
v -0.776604 0.005932 -0.199307
v -0.545122 -0.215059 -0.415327
v -0.885453 0.674894 -0.410237
v -0.825628 0.705329 0.023211
v -0.833380 0.111535 -0.044471
v -0.788666 0.721870 0.286135
v -0.802362 0.238282 0.160360
v -0.618556 1.191799 -0.373838
v -0.663314 1.189033 -0.013187
v -0.586929 1.100605 0.312323
v -0.409091 0.735185 0.706991
v -0.805604 0.273090 0.267528
v -0.574197 0.283917 0.596486
v 0.284933 0.815406 0.693771
v -0.177870 0.402275 0.775447
v 0.201526 0.477788 0.749996
v 0.787198 0.715869 0.155171
v 0.652417 0.413583 0.503466
v 0.823312 0.401133 0.165339
v -0.180325 1.157091 0.439090
v 0.180325 1.157091 0.439090
v 0.558193 1.078642 0.329893
v 0.776834 -0.027879 -0.195246
v 0.556043 -0.217352 -0.439339
v 0.860311 0.671563 -0.008966
v 0.833688 0.136747 -0.014636
v 0.816887 0.674894 -0.410237
v 0.618808 1.191799 -0.013187
v 0.636908 1.185706 -0.371625
v 0.244266 -0.288018 -0.570978
v -0.196371 -0.306589 -0.582705
v 0.216724 1.334837 -0.414630
v -0.216724 1.334837 -0.414630
v 0.216724 1.334837 0.018819
v -0.216724 1.334837 0.018819
v -0.728448 0.078307 0.370650
v -0.633509 -0.102993 0.472392
v 0.814879 0.108883 0.260134
v 0.841959 0.109962 0.208513
v 0.782516 -0.011524 0.259435
v 0.788547 -0.017243 -0.077418
v 0.816330 0.350073 -0.059284
v 0.747995 0.356415 0.330670
v 0.720776 -0.395420 0.182519
v 0.742796 -0.397205 0.101333
v -0.748017 0.281220 0.272912
v -0.794953 0.274262 -0.069035
v -0.768403 0.751327 -0.082228
v -0.726818 0.759556 0.275596
v -0.652322 -0.395420 0.182519
v -0.674342 -0.397205 0.101333
v -0.770203 0.005238 -0.002560
v -0.738345 0.010019 0.238430
v 0.076515 0.136058 0.755302
v 0.147958 0.144892 0.748983
v 0.790902 0.771708 -0.012855
v 0.545945 0.778050 0.389730
v 0.211387 0.253276 -0.950455
v 0.186031 -0.099346 -0.783333
v 0.519884 -0.059453 -0.710867
v 0.643209 0.288864 -0.817973
v -0.210108 0.254304 -0.951007
v -0.145769 -0.103265 -0.743727
v -0.623837 0.262356 -0.814420
v -0.545233 -0.050341 -0.635211
v 0.210029 0.734637 -1.023989
v 0.678161 0.630055 -0.878521
v -0.209738 0.734684 -1.024034
v -0.623424 0.643293 -0.880991
v 0.173622 1.119777 -0.843321
v 0.518182 1.019605 -0.756549
v -0.173506 1.119844 -0.843281
v -0.518653 1.019772 -0.755894
v -0.739221 0.015577 -0.191707
v -0.519548 -0.190702 -0.397977
v -0.847199 0.669681 -0.402639
v -0.787141 0.698219 0.019149
v -0.794162 0.113775 -0.046773
v -0.754760 0.712146 0.268696
v -0.763434 0.238537 0.154624
v -0.592992 1.162821 -0.366422
v -0.636600 1.160708 -0.018878
v -0.563779 1.075049 0.293370
v -0.393731 0.720712 0.673781
v -0.543213 0.282976 0.572249
v -0.774587 0.272267 0.243330
v 0.272655 0.799003 0.660178
v 0.200236 0.473398 0.710914
v -0.179062 0.397590 0.736396
v 0.753388 0.703245 0.139492
v 0.786733 0.395793 0.151857
v 0.619775 0.401500 0.485114
v -0.173104 1.127145 0.414607
v 0.172199 1.127837 0.414060
v 0.534185 1.055490 0.309015
v 0.530050 -0.192561 -0.423274
v 0.739635 -0.018838 -0.186145
v 0.821622 0.665105 -0.012094
v 0.794516 0.139127 -0.011771
v 0.778612 0.669054 -0.403218
v 0.592729 1.163015 -0.019483
v 0.610033 1.157786 -0.364807
v 0.237406 -0.255940 -0.549246
v -0.188294 -0.276134 -0.559135
v 0.209787 1.296902 -0.406815
v -0.209914 1.296907 -0.406681
v 0.210097 1.296836 0.011056
v -0.210612 1.296689 0.011361
v -0.601838 -0.101183 0.449112
v -0.696777 0.080118 0.347370
v 0.805349 0.106479 0.194516
v 0.778269 0.105399 0.246137
v 0.743372 -0.008651 0.256641
v 0.710725 0.351552 0.321641
v 0.777996 0.346226 -0.067285
v 0.749403 -0.014374 -0.080212
v 0.681855 -0.390304 0.179816
v 0.703876 -0.392089 0.098630
v -0.787035 0.281256 0.278005
v -0.765810 0.761558 0.280485
v -0.807395 0.753330 -0.077339
v -0.833971 0.274345 -0.063947
v -0.690261 -0.403575 0.189030
v -0.776940 0.005095 0.244305
v -0.808831 0.000531 0.003272
v -0.712282 -0.405360 0.107844
v 0.145112 0.145324 0.709740
v 0.073669 0.136490 0.716058
v 0.510180 0.768711 0.376241
v 0.755137 0.762369 -0.026344
v 0.953034 0.670115 -0.491314
v 0.821382 1.044598 -0.502895
v 0.679727 0.995201 -0.489841
v 0.811378 0.620719 -0.478259
v 0.850046 1.066904 -0.107441
v 0.708391 1.017508 -0.094387
v 0.781353 1.132531 -0.604526
v 0.978749 0.571042 -0.587162
v 0.931530 0.554577 -0.582810
v 0.734135 1.116066 -0.600175
v 1.021727 0.604489 0.005772
v 0.824332 1.165978 -0.011593
v 0.777113 1.149512 -0.007241
v 0.974508 0.588023 0.010124
v 0.729894 1.133047 -0.002890
v 0.686916 1.099600 -0.595824
v 0.639698 1.083135 -0.591472
v 0.682676 1.116581 0.001462
v 0.734703 1.119251 -0.016720
v 0.693775 1.087400 -0.581372
v 0.884311 0.538111 -0.578459
v 0.927290 0.571558 0.014475
v 0.880071 0.555092 0.018826
v 0.837093 0.521646 -0.574108
v 0.881755 0.552693 -0.564836
v 0.922683 0.584544 -0.000184
v 0.779670 1.134931 -0.020864
v 0.738741 1.103080 -0.585516
v 0.926721 0.568373 -0.568980
v 0.967650 0.600224 -0.004328
v 0.840042 0.643026 -0.082805
v 0.981698 0.692422 -0.095859
v -0.953034 0.670115 -0.491314
v -0.811378 0.620719 -0.478259
v -0.679727 0.995201 -0.489841
v -0.821382 1.044598 -0.502895
v -0.708391 1.017508 -0.094387
v -0.850046 1.066904 -0.107441
v -0.781353 1.132531 -0.604526
v -0.734135 1.116066 -0.600175
v -0.931530 0.554577 -0.582810
v -0.978749 0.571042 -0.587162
v -1.021727 0.604489 0.005772
v -0.974508 0.588023 0.010124
v -0.777113 1.149512 -0.007241
v -0.824332 1.165978 -0.011593
v -0.729894 1.133047 -0.002890
v -0.682676 1.116581 0.001462
v -0.639698 1.083135 -0.591472
v -0.686916 1.099600 -0.595824
v -0.734703 1.119251 -0.016720
v -0.693775 1.087400 -0.581372
v -0.884311 0.538111 -0.578459
v -0.837093 0.521646 -0.574108
v -0.880071 0.555092 0.018826
v -0.927290 0.571558 0.014475
v -0.881755 0.552693 -0.564836
v -0.922683 0.584544 -0.000184
v -0.779670 1.134931 -0.020864
v -0.738741 1.103080 -0.585516
v -0.926721 0.568373 -0.568980
v -0.967650 0.600224 -0.004328
v -0.840042 0.643026 -0.082805
v -0.981698 0.692422 -0.095859
v 1.003678 0.700032 -0.140508
v 0.784780 0.766065 -0.182769
v 0.801916 0.724617 -0.291045
v 0.993637 0.656267 -0.248002
v 1.052159 0.910226 -0.145945
v 0.702041 0.966191 -0.182769
v 0.743411 0.866128 -0.137919
v 1.027918 0.804703 -0.101028
v 1.052159 0.910226 -0.362499
v 0.702041 0.966191 -0.399324
v 0.684905 1.007638 -0.291046
v 1.062199 0.953938 -0.254222
v 0.784780 0.766065 -0.399324
v 1.003678 0.699591 -0.364390
v 1.027918 0.804642 -0.409621
v 0.743411 0.866128 -0.444174
v 1.036723 -0.002419 -0.460751
v 0.974337 -0.031198 -0.227018
v 1.065269 0.006317 -0.012712
v 1.256194 0.085448 0.057023
v 1.435550 0.160143 -0.067763
v 1.497915 0.189590 -0.300532
v 1.406825 0.155864 -0.506546
v 1.214204 0.081059 -0.605944
v 1.404969 -0.565298 0.136548
v 1.651052 -0.451647 -0.034123
v 1.733903 -0.378272 -0.377672
v 1.606985 -0.398708 -0.677952
v 1.096434 -0.626305 -0.650373
v 1.011789 -0.689645 -0.334371
v 1.140309 -0.656175 0.003753
v 1.341567 -0.491501 -0.790051
v 1.848474 -0.927496 -0.677411
v 1.526647 -0.962634 -0.782125
v 1.223229 -1.011169 -0.617881
v 1.115807 -1.042742 -0.284539
v 1.267213 -1.038081 0.020342
v 1.588916 -1.001747 0.122070
v 1.892382 -0.955699 -0.040866
v 2.000000 -0.925366 -0.369528
v 1.546703 -1.073792 -0.640799
v 1.770670 -1.048588 -0.567231
v 1.572793 -1.124541 -0.320033
v 1.335604 -1.106590 -0.525956
v 1.366216 -1.122403 -0.081924
v 1.260871 -1.126870 -0.293835
v 1.801213 -1.064943 -0.124777
v 1.590064 -1.096638 -0.011191
v 1.876102 -1.045244 -0.353236
v -1.003678 0.700032 -0.140508
v -0.993637 0.656267 -0.248002
v -0.801916 0.724617 -0.291045
v -0.784780 0.766065 -0.182769
v -1.052159 0.910226 -0.145945
v -1.027918 0.804703 -0.101028
v -0.743411 0.866128 -0.137919
v -0.702041 0.966191 -0.182769
v -1.052159 0.910226 -0.362499
v -1.062199 0.953938 -0.254222
v -0.684905 1.007638 -0.291046
v -0.702041 0.966191 -0.399324
v -1.003678 0.699591 -0.364390
v -0.784780 0.766065 -0.399324
v -1.027918 0.804642 -0.409621
v -0.743411 0.866128 -0.444174
v -1.036723 -0.002419 -0.460751
v -0.974337 -0.031198 -0.227018
v -1.065269 0.006317 -0.012712
v -1.256194 0.085448 0.057023
v -1.435550 0.160143 -0.067763
v -1.497915 0.189590 -0.300532
v -1.406825 0.155864 -0.506546
v -1.214204 0.081059 -0.605944
v -1.404969 -0.565298 0.136548
v -1.651052 -0.451647 -0.034123
v -1.733903 -0.378272 -0.377672
v -1.606985 -0.398708 -0.677952
v -1.096434 -0.626305 -0.650373
v -1.011789 -0.689645 -0.334371
v -1.140309 -0.656175 0.003753
v -1.341567 -0.491501 -0.790051
v -1.848474 -0.927496 -0.677411
v -1.526647 -0.962634 -0.782125
v -1.223229 -1.011169 -0.617881
v -1.115807 -1.042742 -0.284539
v -1.267213 -1.038081 0.020342
v -1.588916 -1.001747 0.122070
v -1.892382 -0.955699 -0.040866
v -2.000000 -0.925366 -0.369528
v -1.546703 -1.073792 -0.640799
v -1.572793 -1.124541 -0.320033
v -1.770670 -1.048588 -0.567231
v -1.335604 -1.106590 -0.525956
v -1.366216 -1.122403 -0.081924
v -1.260871 -1.126870 -0.293835
v -1.801213 -1.064943 -0.124777
v -1.590064 -1.096638 -0.011191
v -1.876102 -1.045244 -0.353236
v -0.686864 -0.846058 -0.093946
v -0.758908 -1.002227 -0.005910
v -0.623131 -0.864972 0.259894
v -0.585120 -0.799263 0.158480
v -0.015462 -0.873137 -0.697954
v -0.049612 -1.134962 -0.710594
v -0.297102 -1.123286 -0.681806
v -0.279895 -0.874882 -0.674542
v 0.555576 -0.909113 -0.469500
v 0.543743 -1.126671 -0.473975
v 0.248842 -1.130293 -0.695482
v 0.282635 -0.886880 -0.657755
v 0.456280 -0.746803 0.252165
v 0.430407 -0.763243 0.507891
v 0.601263 -0.858640 0.259727
v 0.580727 -0.798920 0.096954
v -0.435677 -0.676297 0.339245
v -0.454930 -0.732599 0.525532
v -0.131383 -0.840870 0.689650
v 0.005570 -0.682255 0.416593
v -0.510605 -0.887728 -0.540259
v -0.517220 -1.090657 -0.575354
v -0.669725 -1.069729 -0.293439
v -0.653271 -0.870704 -0.320667
v 0.705174 -0.851037 -0.058257
v 0.721289 -1.028308 0.014701
v 0.671718 -1.100445 -0.231352
v 0.644131 -0.891346 -0.272113
v 0.116549 -0.819758 0.677754
v 0.571113 -0.645664 -0.039040
v 0.565531 -0.623868 0.107698
v 0.005779 -0.576949 0.352034
v -0.482351 -0.533238 0.214173
v -0.654971 -0.760437 -0.038274
v -0.631183 -0.676824 -0.230987
v 0.557184 -0.485946 -0.321291
v 0.626037 -0.628082 -0.209855
v 0.509081 -0.502026 0.199232
v -0.591563 -0.696239 0.125757
v -0.519887 -0.482313 -0.314087
v -0.274094 -0.482739 -0.515720
v 0.001746 -0.481863 -0.580407
v 0.244811 -0.474391 -0.520927
v -0.441717 -0.344061 -0.269026
v -0.189744 -0.320095 -0.459159
v -0.000426 -0.329735 -0.547132
v 0.188666 -0.322380 -0.489560
v 0.001746 -0.374836 0.274915
v -0.390466 -0.318910 0.137450
v 0.477341 -0.336068 0.099599
v 0.178651 -0.228091 -0.291002
v 0.242423 -0.209279 -0.142456
v 0.457549 -0.285080 -0.108339
v 0.485558 -0.340581 -0.267940
v 0.176911 -0.196316 0.007571
v -0.009247 -0.194151 0.098503
v -0.202171 -0.204164 0.053668
v -0.241790 -0.221781 -0.117767
v -0.411416 -0.272246 -0.074394
v -0.139467 -0.237147 -0.289442
v -0.056210 -0.238867 -0.324181
v 0.027046 -0.240586 -0.358921
v 0.102849 -0.234339 -0.324961
v -0.323698 -0.342375 -0.390211
v -0.147242 -0.362633 -0.521226
v -0.120827 -0.270150 -0.477338
v -0.256205 -0.265282 -0.418907
v -0.002867 -0.367182 -0.557905
v 0.139610 -0.363588 -0.534892
v 0.142781 -0.268122 -0.486677
v 0.014550 -0.275018 -0.535770
v 0.502059 -0.310807 -0.198871
v 0.412200 -0.355323 0.197078
v 0.328360 -0.233915 0.133640
v 0.395407 -0.223142 -0.182518
v -0.233624 -0.386497 0.362168
v -0.406679 -0.352394 0.206390
v -0.295782 -0.272816 0.179817
v -0.123228 -0.294121 0.291378
v -0.476483 -0.315433 -0.075714
v -0.398274 -0.230637 -0.136422
v 0.309344 -0.348048 -0.436480
v 0.271011 -0.261226 -0.437584
v 0.256432 -0.407073 0.365444
v 0.134919 -0.290599 0.293919
v -0.649053 -0.856869 -0.092618
v -0.551365 -0.815571 0.146526
v -0.592972 -0.889510 0.253842
v -0.722695 -1.017597 -0.005078
v -0.015695 -0.880893 -0.659378
v -0.267485 -0.883402 -0.638186
v -0.285927 -1.126387 -0.644206
v -0.049193 -1.137581 -0.671335
v 0.525274 -0.914442 -0.444969
v 0.267867 -0.893882 -0.621961
v 0.236205 -1.132556 -0.658287
v 0.514101 -1.126940 -0.448099
v 0.432981 -0.770644 0.231258
v 0.547111 -0.814292 0.083465
v 0.573660 -0.885536 0.251790
v 0.421120 -0.800248 0.498264
v -0.416742 -0.703434 0.317953
v 0.002449 -0.711258 0.390185
v -0.131436 -0.876504 0.672960
v -0.444916 -0.767928 0.511393
v -0.483694 -0.895843 -0.512722
v -0.617716 -0.878113 -0.305526
v -0.633670 -1.074002 -0.278270
v -0.491164 -1.094170 -0.546079
v 0.667821 -0.863409 -0.058352
v 0.607137 -0.897731 -0.260323
v 0.634742 -1.101135 -0.217914
v 0.683055 -1.037590 0.014140
v 0.111610 -0.857386 0.667361
v 0.535244 -0.661405 -0.042773
v 0.531335 -0.629124 0.088954
v 0.003933 -0.593743 0.316497
v -0.464708 -0.548515 0.182493
v -0.616763 -0.766072 -0.045807
v -0.595927 -0.687579 -0.217215
v 0.547499 -0.502282 -0.293175
v 0.530081 -0.644751 -0.187800
v 0.491411 -0.513340 0.165944
v -0.557563 -0.702059 0.106824
v -0.496002 -0.498115 -0.287104
v -0.258995 -0.499423 -0.483440
v 0.001720 -0.497371 -0.544243
v 0.230282 -0.488578 -0.487223
v -0.445099 -0.362735 -0.248073
v -0.178314 -0.347684 -0.402254
v 0.000643 -0.355912 -0.481301
v 0.177774 -0.348210 -0.425475
v 0.001136 -0.396896 0.242338
v -0.380994 -0.344379 0.108991
v 0.466342 -0.364478 0.074695
v 0.150828 -0.213647 -0.267222
v 0.489830 -0.362110 -0.263689
v 0.445298 -0.308063 -0.107900
v 0.204929 -0.199484 -0.149283
v 0.154968 -0.179199 -0.020246
v -0.014828 -0.196332 0.059613
v -0.187386 -0.182587 0.024271
v -0.401953 -0.310439 -0.074629
v -0.203894 -0.212214 -0.113214
v -0.117156 -0.224181 -0.259737
v -0.040703 -0.225274 -0.290669
v 0.025702 -0.223751 -0.323381
v 0.085484 -0.220035 -0.292679
v -0.350248 -0.327495 -0.415151
v -0.271373 -0.236613 -0.441185
v -0.130382 -0.239875 -0.500586
v -0.162166 -0.348482 -0.554772
v -0.005125 -0.352754 -0.594444
v 0.014213 -0.247235 -0.563632
v 0.150774 -0.238670 -0.511517
v 0.151674 -0.351282 -0.570266
v 0.533326 -0.288517 -0.207467
v 0.416147 -0.190294 -0.188775
v 0.342498 -0.199870 0.147401
v 0.432528 -0.328759 0.217802
v -0.248601 -0.360768 0.387898
v -0.131698 -0.261505 0.311696
v -0.296632 -0.241324 0.203394
v -0.419467 -0.323750 0.230145
v -0.506592 -0.289696 -0.070996
v -0.420238 -0.198706 -0.143232
v 0.331969 -0.332634 -0.464744
v 0.285084 -0.232689 -0.460734
v 0.140734 -0.257657 0.314639
v 0.267560 -0.381093 0.392821
v 0.871460 -1.079717 -0.256775
v 0.828480 -1.134131 -0.089371
v 0.736562 -1.042339 -0.085679
v 0.778539 -0.989195 -0.249174
v 1.121968 -0.762569 -0.089371
v 1.078988 -0.816983 -0.256775
v 0.981220 -0.732597 -0.249174
v 1.023197 -0.679454 -0.085679
v 0.975224 -0.948350 0.147374
v 1.078988 -0.816983 0.078033
v 0.981220 -0.732597 0.077816
v 0.879880 -0.860896 0.145538
v 0.871460 -1.079717 0.078033
v 0.778539 -0.989195 0.077816
v 0.975224 -0.948350 -0.326116
v 0.879880 -0.860896 -0.316896
v 0.575033 -0.790945 0.077339
v 0.671067 -0.669365 0.141514
v 0.578909 -0.584833 0.139739
v 0.485217 -0.703448 0.077128
v 0.767100 -0.547784 0.077339
v 0.806879 -0.497424 -0.077594
v 0.711408 -0.417086 -0.074026
v 0.672600 -0.466218 0.077128
v 0.767100 -0.547784 -0.232527
v 0.671067 -0.669365 -0.296702
v 0.578909 -0.584833 -0.287790
v 0.672600 -0.466218 -0.225180
v 0.575033 -0.790945 -0.232527
v 0.485217 -0.703448 -0.225180
v 0.535255 -0.841305 -0.077594
v 0.446409 -0.752580 -0.074026
v -0.871460 -1.079717 -0.256775
v -0.778539 -0.989195 -0.249174
v -0.736562 -1.042339 -0.085679
v -0.828480 -1.134131 -0.089371
v -1.121968 -0.762569 -0.089371
v -1.023197 -0.679454 -0.085679
v -0.981220 -0.732597 -0.249174
v -1.078988 -0.816983 -0.256775
v -0.975224 -0.948350 0.147374
v -0.879880 -0.860896 0.145538
v -0.981220 -0.732597 0.077816
v -1.078988 -0.816983 0.078033
v -0.778539 -0.989195 0.077816
v -0.871460 -1.079717 0.078033
v -0.975224 -0.948350 -0.326116
v -0.879880 -0.860896 -0.316896
v -0.575033 -0.790945 0.077339
v -0.485217 -0.703448 0.077128
v -0.578909 -0.584833 0.139739
v -0.671067 -0.669365 0.141514
v -0.767100 -0.547784 0.077339
v -0.672600 -0.466218 0.077128
v -0.711408 -0.417086 -0.074026
v -0.806879 -0.497424 -0.077594
v -0.767100 -0.547784 -0.232527
v -0.672600 -0.466218 -0.225180
v -0.578909 -0.584833 -0.287790
v -0.671067 -0.669365 -0.296702
v -0.485217 -0.703448 -0.225180
v -0.575033 -0.790945 -0.232527
v -0.535255 -0.841305 -0.077594
v -0.446409 -0.752580 -0.074026
v 0.384601 0.128525 0.590395
v 0.391499 0.088172 0.581156
v 0.409228 0.109978 0.577719
v 0.392923 0.154493 0.588215
v 0.369447 0.219090 0.602833
v 0.369447 0.137258 0.597806
v 0.369447 0.083102 0.590071
v 0.354294 0.128525 0.604144
v 0.347395 0.088172 0.601119
v 0.345971 0.154493 0.609515
v 0.329666 0.109978 0.613733
v 0.382875 0.319040 0.602882
v 0.388939 0.364624 0.602442
v 0.369447 0.377353 0.611450
v 0.369447 0.312591 0.608577
v 0.390854 0.283951 0.597107
v 0.405505 0.329049 0.593231
v 0.401971 0.257797 0.590457
v 0.416621 0.275660 0.584908
v 0.400337 0.215874 0.588623
v 0.421371 0.213937 0.578962
v 0.335197 0.174665 0.615641
v 0.319713 0.154735 0.621441
v 0.338558 0.215874 0.616648
v 0.317523 0.213937 0.626072
v 0.356020 0.319040 0.614700
v 0.349955 0.364624 0.619336
v 0.333390 0.329049 0.624948
v 0.348040 0.283951 0.616529
v 0.336924 0.257797 0.619965
v 0.322274 0.275660 0.627414
v 0.403697 0.174665 0.584567
v 0.419181 0.154735 0.576318
v -0.384601 0.128525 0.590395
v -0.392923 0.154493 0.588215
v -0.409228 0.109978 0.577719
v -0.391499 0.088172 0.581156
v -0.369447 0.137258 0.597806
v -0.369447 0.219090 0.602833
v -0.369447 0.083102 0.590071
v -0.354294 0.128525 0.604144
v -0.347395 0.088172 0.601119
v -0.345971 0.154493 0.609515
v -0.329666 0.109978 0.613733
v -0.382875 0.319040 0.602882
v -0.369447 0.312591 0.608577
v -0.369447 0.377353 0.611450
v -0.388939 0.364624 0.602442
v -0.390854 0.283951 0.597107
v -0.405505 0.329049 0.593231
v -0.401971 0.257797 0.590457
v -0.416621 0.275660 0.584908
v -0.400337 0.215874 0.588623
v -0.421371 0.213937 0.578962
v -0.335197 0.174665 0.615641
v -0.319713 0.154735 0.621441
v -0.338558 0.215874 0.616648
v -0.317523 0.213937 0.626072
v -0.356020 0.319040 0.614700
v -0.348040 0.283951 0.616529
v -0.333390 0.329049 0.624948
v -0.349955 0.364624 0.619336
v -0.336924 0.257797 0.619965
v -0.322274 0.275660 0.627414
v -0.403697 0.174665 0.584567
v -0.419181 0.154735 0.576318
v 0.354020 0.637319 0.558277
v 0.353373 0.646281 0.555828
v 0.327861 0.639754 0.570233
v 0.320571 0.632097 0.576134
v 0.356642 0.628703 0.559659
v 0.330690 0.627493 0.572638
v 0.393270 0.630090 0.542803
v 0.391926 0.639346 0.540106
v 0.390582 0.648603 0.537410
v 0.434427 0.634739 0.523207
v 0.433651 0.643986 0.520268
v 0.435206 0.625493 0.526146
v 0.479507 0.612536 0.511408
v 0.479427 0.621670 0.508204
v 0.479352 0.630798 0.505001
v 0.517085 0.601565 0.480488
v 0.516643 0.610859 0.477481
v 0.515576 0.593673 0.485266
v 0.540747 0.578802 0.461179
v 0.550237 0.578418 0.450103
v 0.542225 0.590688 0.454907
v -0.354020 0.637319 0.558277
v -0.320571 0.632097 0.576134
v -0.327861 0.639754 0.570233
v -0.353373 0.646281 0.555828
v -0.356642 0.628703 0.559659
v -0.330690 0.627493 0.572638
v -0.393270 0.630090 0.542803
v -0.391926 0.639346 0.540106
v -0.390582 0.648603 0.537410
v -0.434427 0.634739 0.523207
v -0.433651 0.643986 0.520268
v -0.435206 0.625493 0.526146
v -0.479507 0.612536 0.511408
v -0.479427 0.621670 0.508204
v -0.479352 0.630798 0.505001
v -0.517085 0.601565 0.480488
v -0.516643 0.610859 0.477481
v -0.515576 0.593673 0.485266
v -0.540747 0.578802 0.461179
v -0.550237 0.578418 0.450103
v -0.542225 0.590688 0.454907
v 0.119590 -0.122321 0.591495
v 0.123935 -0.122112 0.591020
v 0.132373 -0.111317 0.596204
v 0.128049 -0.112002 0.596397
v 0.115245 -0.122530 0.591971
v 0.123796 -0.112751 0.596542
v 0.109118 -0.132581 0.586906
v 0.113380 -0.132846 0.586164
v 0.104856 -0.132315 0.587649
v 0.136697 -0.110631 0.596012
v 0.142742 -0.099409 0.601776
v 0.138522 -0.100570 0.601675
v 0.135389 -0.102692 0.600857
v 0.132331 -0.104873 0.599974
v 0.121102 -0.114877 0.596255
v 0.128087 -0.105967 0.599981
v 0.111485 -0.123255 0.592061
v 0.100925 -0.132343 0.588174
v 0.089600 -0.141994 0.584059
v 0.092766 -0.141939 0.583656
v 0.096821 -0.142673 0.582667
v 0.100877 -0.143406 0.581678
v 0.104933 -0.144140 0.580688
v 0.117642 -0.133111 0.585422
v 0.128280 -0.121904 0.590545
v -0.000235 -0.183016 0.570365
v -0.000233 -0.185691 0.568935
v 0.014175 -0.183957 0.568576
v 0.013199 -0.181375 0.570047
v -0.000238 -0.180341 0.571796
v 0.012223 -0.178794 0.571518
v -0.020119 -0.181247 0.569477
v -0.021042 -0.183838 0.568006
v -0.019196 -0.178657 0.570948
v 0.015152 -0.186538 0.567105
v 0.037177 -0.182082 0.567455
v 0.035310 -0.179695 0.568904
v 0.033442 -0.177308 0.570354
v 0.031575 -0.174921 0.571803
v 0.011246 -0.176212 0.572990
v 0.029707 -0.172534 0.573253
v -0.000240 -0.177666 0.573227
v -0.018274 -0.176066 0.572419
v -0.036774 -0.172506 0.572615
v -0.038589 -0.174908 0.571162
v -0.040405 -0.177311 0.569710
v -0.042221 -0.179713 0.568257
v -0.043413 -0.181543 0.567167
v -0.021964 -0.186428 0.566535
v -0.000231 -0.188366 0.567504
v -0.127365 -0.122541 0.590296
v -0.131700 -0.122366 0.589802
v -0.120918 -0.133100 0.584977
v -0.116676 -0.132801 0.585737
v -0.123029 -0.122716 0.590790
v -0.112433 -0.132501 0.586497
v -0.136065 -0.112194 0.595180
v -0.140392 -0.111542 0.594969
v -0.131738 -0.112847 0.595392
v -0.125160 -0.133399 0.584218
v -0.112244 -0.144398 0.579531
v -0.108217 -0.143632 0.580535
v -0.104190 -0.142865 0.581540
v -0.100163 -0.142099 0.582544
v -0.107730 -0.132398 0.587188
v -0.095925 -0.141637 0.583417
v -0.118119 -0.123130 0.591215
v -0.127116 -0.113962 0.595407
v -0.134447 -0.105064 0.599613
v -0.138349 -0.103000 0.600270
v -0.142584 -0.101869 0.600352
v -0.146819 -0.100738 0.600434
v -0.151054 -0.099606 0.600516
v -0.144718 -0.110889 0.594757
v -0.136036 -0.122191 0.589309
v -0.000815 -0.069720 0.630924
v -0.000870 -0.066465 0.632660
v -0.068103 -0.064714 0.627389
v -0.062214 -0.068422 0.625949
v -0.000773 -0.072267 0.629565
v -0.064734 -0.070608 0.624547
v 0.052719 -0.068646 0.626706
v 0.058515 -0.064932 0.628158
v 0.055295 -0.070834 0.625298
v -0.080611 -0.059807 0.628859
v -0.151681 -0.058364 0.623069
v -0.121262 -0.066015 0.621785
v -0.110784 -0.070160 0.620535
v -0.115253 -0.071755 0.619269
v -0.146695 -0.068919 0.619569
v -0.000740 -0.074390 0.628433
v -0.073717 -0.071654 0.623158
v 0.064306 -0.071881 0.623905
v 0.137285 -0.069011 0.620427
v 0.105908 -0.071848 0.620082
v 0.101399 -0.070245 0.621356
v 0.111777 -0.066086 0.622622
v 0.140659 -0.058655 0.623931
v 0.070901 -0.060016 0.629644
v -0.000933 -0.062785 0.634623
v 0.138412 -0.083986 0.610587
v 0.143590 -0.081691 0.611337
v 0.136090 -0.072450 0.616973
v 0.128182 -0.075733 0.615947
v 0.135893 -0.085825 0.609836
v 0.128980 -0.077522 0.614916
v 0.139993 -0.093570 0.605314
v 0.144230 -0.091960 0.605784
v 0.136089 -0.095123 0.604844
v 0.149426 -0.068398 0.617909
v 0.136412 -0.078188 0.614843
v 0.132384 -0.096641 0.604373
v 0.134969 -0.087390 0.609084
v 0.146787 -0.091012 0.606055
v 0.148626 -0.079781 0.611894
v 0.067297 -0.161494 0.575668
v 0.070521 -0.163107 0.574276
v 0.086574 -0.153625 0.577640
v 0.082864 -0.152436 0.578849
v 0.066218 -0.161772 0.575639
v 0.079153 -0.151247 0.580059
v 0.052251 -0.171225 0.571871
v 0.053989 -0.172501 0.571027
v 0.049618 -0.169129 0.573236
v 0.090284 -0.154814 0.576430
v 0.077605 -0.151966 0.579834
v 0.062957 -0.160044 0.576865
v 0.046985 -0.167032 0.574601
v 0.055344 -0.173388 0.570322
v 0.073745 -0.164721 0.572883
v -0.074377 -0.161554 0.574658
v -0.077558 -0.163194 0.573256
v -0.059678 -0.171385 0.570903
v -0.057439 -0.169652 0.572229
v -0.071196 -0.159914 0.576060
v -0.056701 -0.169229 0.572528
v -0.090073 -0.152574 0.577776
v -0.093747 -0.153794 0.576554
v -0.086399 -0.151355 0.578998
v -0.062228 -0.173393 0.569371
v -0.053422 -0.166551 0.574278
v -0.068671 -0.158987 0.576876
v -0.082850 -0.150647 0.579933
v -0.097420 -0.155013 0.575332
v -0.080739 -0.164834 0.571855
v -0.147328 -0.084143 0.609680
v -0.152556 -0.081871 0.610412
v -0.150575 -0.090111 0.606163
v -0.147235 -0.092551 0.605188
v -0.144770 -0.085960 0.608944
v -0.144282 -0.094976 0.604166
v -0.137363 -0.075776 0.615076
v -0.145348 -0.072512 0.616085
v -0.138120 -0.077548 0.614058
v -0.155019 -0.088435 0.606537
v -0.139803 -0.096371 0.603834
v -0.143630 -0.087558 0.609004
v -0.145538 -0.078202 0.614368
v -0.160152 -0.068068 0.617096
v -0.157847 -0.079899 0.610979
v -0.062109 -0.126581 0.594845
v -0.091553 -0.125845 0.592520
v -0.083599 -0.132891 0.589485
v -0.056717 -0.131369 0.592781
v -0.032664 -0.127316 0.597171
v -0.029836 -0.129847 0.596078
v -0.066573 -0.121729 0.597028
v -0.098145 -0.118707 0.595730
v -0.035002 -0.124751 0.598327
v -0.074458 -0.139771 0.586649
v -0.050519 -0.136044 0.590852
v -0.026579 -0.132318 0.595056
v -0.001291 -0.128051 0.599670
v -0.036789 -0.122180 0.599537
v -0.069993 -0.116866 0.599314
v -0.103198 -0.111551 0.599092
v -0.000318 -0.100990 0.614241
v -0.000515 -0.087789 0.621285
v -0.049930 -0.086348 0.617493
v -0.030376 -0.100329 0.611819
v -0.000302 -0.113856 0.607359
v -0.014978 -0.113593 0.606145
v 0.021668 -0.100598 0.612480
v 0.040879 -0.086596 0.618196
v 0.006597 -0.113880 0.606765
v -0.088540 -0.086931 0.613616
v -0.054117 -0.101091 0.609219
v -0.027081 -0.114049 0.604784
v 0.018728 -0.114303 0.605419
v 0.045461 -0.101296 0.609909
v 0.079552 -0.087084 0.614364
v 0.063223 -0.107659 0.604865
v 0.098701 -0.097589 0.606976
v 0.095264 -0.091360 0.610626
v 0.058430 -0.103826 0.607358
v 0.029058 -0.117514 0.602748
v 0.025901 -0.115587 0.604070
v 0.063749 -0.112120 0.602430
v 0.098017 -0.104389 0.603402
v 0.029645 -0.119824 0.601457
v 0.028686 -0.122332 0.600204
v 0.061820 -0.116877 0.600063
v 0.094953 -0.111422 0.599922
v 0.028414 -0.144711 0.588257
v 0.045685 -0.152377 0.582561
v 0.056773 -0.146259 0.584810
v 0.035940 -0.140553 0.589787
v 0.011142 -0.137045 0.593953
v 0.015107 -0.134847 0.594763
v 0.020203 -0.148308 0.587091
v 0.033594 -0.157670 0.580846
v 0.006811 -0.138946 0.593336
v 0.066842 -0.139618 0.587434
v 0.042772 -0.136039 0.591571
v 0.018702 -0.132460 0.595708
v 0.002120 -0.140443 0.592968
v 0.011316 -0.151140 0.586396
v 0.020512 -0.161837 0.579824
v -0.036025 -0.144650 0.587587
v -0.053102 -0.152433 0.581846
v -0.040941 -0.157656 0.580175
v -0.027767 -0.148200 0.586450
v -0.018947 -0.136867 0.593327
v -0.014592 -0.138744 0.592726
v -0.043612 -0.140530 0.589090
v -0.064279 -0.146372 0.584057
v -0.022945 -0.134689 0.594123
v -0.027810 -0.161741 0.579202
v -0.018847 -0.150976 0.585788
v -0.009883 -0.140212 0.592375
v -0.071661 -0.107567 0.604135
v -0.107341 -0.097599 0.606173
v -0.106457 -0.104466 0.602581
v -0.072055 -0.112073 0.601688
v -0.037299 -0.117320 0.602090
v -0.037818 -0.119654 0.600794
v -0.066992 -0.103680 0.606646
v -0.104098 -0.091293 0.609846
v -0.034205 -0.115365 0.603422
v 0.054172 -0.126558 0.595590
v 0.083657 -0.125667 0.593344
v 0.090082 -0.118544 0.596562
v 0.058523 -0.121717 0.597778
v 0.024686 -0.127449 0.597836
v 0.026965 -0.124890 0.598995
v 0.048882 -0.131349 0.593516
v 0.075852 -0.132716 0.590294
v 0.021912 -0.129981 0.596737
v -0.000262 -0.153624 0.586087
v -0.000251 -0.165645 0.579657
v 0.006532 -0.164623 0.579625
v 0.001817 -0.153034 0.586260
v -0.000273 -0.141603 0.592518
v 0.000093 -0.141326 0.592675
v -0.009328 -0.152809 0.585687
v -0.013801 -0.164438 0.579053
v -0.004855 -0.141180 0.592321
v 0.499995 0.016553 0.476587
v 0.487780 0.023550 0.492723
v 0.480206 0.003465 0.492288
v 0.500522 0.000158 0.469012
v 0.520584 0.004760 0.449389
v 0.511737 0.024319 0.467271
v 0.498830 0.052854 0.493358
v 0.462529 0.051689 0.531925
v 0.469527 0.063905 0.529616
v 0.449441 0.071479 0.554469
v 0.446135 0.051163 0.549343
v 0.450738 0.031100 0.535813
v 0.470296 0.039947 0.518547
v 0.497665 0.089155 0.510130
v 0.509880 0.082158 0.493993
v 0.517454 0.102243 0.494428
v 0.497138 0.105549 0.517704
v 0.477076 0.100947 0.537326
v 0.485923 0.081389 0.519446
v 0.523674 0.079346 0.477947
v 0.527364 0.065761 0.468169
v 0.546923 0.074609 0.450903
v 0.534895 0.091311 0.470986
v 0.525323 0.028009 0.454228
v 0.537288 0.016788 0.436555
v 0.548219 0.034229 0.432247
v 0.528134 0.041804 0.457100
v 0.473986 0.026362 0.508769
v 0.462765 0.014397 0.515730
v 0.472338 0.077699 0.532488
v 0.460373 0.088920 0.550161
v 0.535131 0.054020 0.454792
v 0.551526 0.054547 0.437374
v -0.499995 0.016553 0.476587
v -0.500522 0.000158 0.469012
v -0.480206 0.003465 0.492288
v -0.487780 0.023550 0.492723
v -0.511737 0.024319 0.467271
v -0.520584 0.004760 0.449389
v -0.498830 0.052854 0.493358
v -0.462529 0.051689 0.531925
v -0.446135 0.051163 0.549343
v -0.449441 0.071479 0.554469
v -0.469527 0.063905 0.529616
v -0.470296 0.039947 0.518547
v -0.450738 0.031100 0.535813
v -0.497665 0.089155 0.510130
v -0.497138 0.105549 0.517704
v -0.517454 0.102243 0.494428
v -0.509880 0.082158 0.493993
v -0.485923 0.081389 0.519446
v -0.477076 0.100947 0.537326
v -0.523674 0.079346 0.477947
v -0.534895 0.091311 0.470986
v -0.546923 0.074609 0.450903
v -0.527364 0.065761 0.468169
v -0.525323 0.028009 0.454228
v -0.537288 0.016788 0.436555
v -0.528134 0.041804 0.457100
v -0.548219 0.034229 0.432247
v -0.473986 0.026362 0.508769
v -0.462765 0.014397 0.515730
v -0.472338 0.077699 0.532488
v -0.460373 0.088920 0.550161
v -0.535131 0.054020 0.454792
v -0.551526 0.054547 0.437374
v -0.020929 -0.859400 0.668271
v 0.021307 -0.859400 0.668271
v 0.203210 -0.704722 0.547229
v -0.202832 -0.704722 0.547229
v 0.203210 -0.660258 0.604049
v -0.202832 -0.660258 0.604049
v -0.079073 -0.357850 0.367402
v 0.079451 -0.357850 0.367402
v -0.020929 -0.814936 0.725091
v 0.021307 -0.814936 0.725091
v 0.079451 -0.402314 0.310581
v -0.079073 -0.402314 0.310581
v 0.096953 -0.300406 0.230834
v 0.096953 -0.255942 0.287655
v -0.096575 -0.255942 0.287655
v -0.096575 -0.300406 0.230834
v -0.079073 -0.342015 0.387637
v 0.079451 -0.342015 0.387637
v -0.096575 -0.240107 0.307889
v 0.096953 -0.240107 0.307889
v 0.112989 -1.215627 -0.762657
v 0.320868 -1.212632 -0.712210
v 0.332095 -1.231547 -0.723101
v 0.115435 -1.235355 -0.775751
v -0.109446 -1.216380 -0.766679
v -0.117256 -1.235716 -0.781582
v -0.094811 -1.167978 -0.724576
v 0.103823 -1.166583 -0.723136
v 0.290612 -1.164117 -0.676608
v -0.801965 -1.175436 -0.120968
v -0.732903 -1.179716 -0.313864
v -0.755123 -1.194304 -0.305749
v -0.824392 -1.192961 -0.107900
v -0.827907 -1.150514 0.071538
v -0.850970 -1.170349 0.087120
v -0.765775 -1.098852 0.035921
v -0.740772 -1.126195 -0.150709
v -0.673098 -1.135288 -0.331648
v 0.581910 -0.874723 0.563598
v 0.401150 -0.873389 0.686695
v 0.378645 -0.892278 0.703921
v 0.575803 -0.888710 0.578195
v 0.705350 -0.964533 0.409853
v 0.714675 -0.978602 0.423572
v 0.648547 -0.930944 0.371504
v 0.541609 -0.849379 0.517073
v 0.384244 -0.845825 0.630986
v -0.251274 -0.948434 0.810427
v -0.454040 -0.838814 0.759229
v -0.436039 -0.848814 0.794938
v -0.239298 -0.968033 0.844160
v -0.026870 -1.042579 0.802846
v -0.032588 -1.070616 0.830891
v -0.019259 -0.997399 0.729574
v -0.239569 -0.916603 0.732108
v -0.433653 -0.821424 0.682074
v 0.486691 -1.215833 -0.603288
v 0.607017 -1.222806 -0.430207
v 0.617459 -1.240082 -0.434333
v 0.500808 -1.232990 -0.611841
v 0.445024 -1.167979 -0.572503
v 0.562184 -1.172758 -0.409855
v -0.630979 -1.184356 -0.498640
v -0.493291 -1.193904 -0.646523
v -0.512813 -1.210210 -0.657700
v -0.652536 -1.198878 -0.500300
v -0.575469 -1.141574 -0.492626
v -0.446193 -1.149907 -0.616812
v 0.194208 -0.977668 0.763635
v 0.173310 -1.003751 0.785635
v 0.193538 -0.938084 0.698532
v -0.612450 -0.869684 0.627524
v -0.726914 -0.983269 0.448528
v -0.742712 -0.996688 0.473325
v -0.608925 -0.878598 0.659138
v -0.573026 -0.848954 0.559576
v -0.669370 -0.948849 0.393422
v 0.685690 -1.223071 -0.199565
v 0.731629 -1.184797 0.039271
v 0.730684 -1.207925 0.049992
v 0.687978 -1.244073 -0.195955
v 0.641701 -1.166889 -0.198424
v 0.685471 -1.127004 0.020656
v -0.316596 -1.207156 -0.732480
v -0.331807 -1.225258 -0.747623
v -0.282888 -1.160797 -0.691690
v -0.801016 -1.085455 0.261076
v -0.824354 -1.103515 0.280298
v -0.737647 -1.039145 0.217324
v 0.747434 -1.085889 0.239816
v 0.754035 -1.105006 0.253239
v 0.692574 -1.038164 0.209113
v -0.607560 -0.945751 0.132689
v -0.638526 -0.994148 -0.033088
v -0.542253 -0.879425 0.287803
v -0.373392 -0.788999 0.151876
v -0.437443 -0.824107 0.023525
v -0.472208 -0.857618 -0.122132
v 0.557283 -0.942762 0.149611
v 0.512617 -0.864822 0.292102
v 0.560808 -1.011436 -0.011116
v 0.389041 -0.861203 -0.050783
v 0.373734 -0.818753 0.072830
v 0.329211 -0.779179 0.188069
v 0.083454 -1.068678 -0.639570
v 0.228641 -1.066271 -0.599821
v -0.068799 -1.071133 -0.637142
v -0.035963 -0.945221 -0.522509
v 0.056363 -0.941457 -0.529577
v 0.147641 -0.938826 -0.498324
v -0.614968 -1.024092 -0.208237
v -0.550649 -1.041127 -0.365544
v -0.450397 -0.890274 -0.282438
v -0.390614 -0.917126 -0.409107
v 0.423964 -0.805105 0.417335
v 0.301651 -0.803803 0.511139
v 0.259912 -0.749475 0.285669
v 0.179646 -0.753106 0.352808
v -0.188394 -0.864388 0.579477
v -0.349284 -0.791719 0.535842
v -0.008491 -0.923646 0.580924
v 0.004171 -0.832751 0.387048
v -0.113538 -0.799941 0.382259
v -0.226526 -0.754625 0.348163
v 0.357442 -1.068964 -0.504666
v 0.460030 -1.068090 -0.362461
v 0.242309 -0.939252 -0.414597
v 0.323484 -0.930650 -0.298842
v -0.463370 -1.051692 -0.479357
v -0.353137 -1.059757 -0.556211
v -0.317320 -0.933549 -0.461733
v -0.232506 -0.941915 -0.477075
v 0.156920 -0.875998 0.561591
v 0.098734 -0.800412 0.381547
v -0.462023 -0.808531 0.431073
v -0.308072 -0.756292 0.266236
v 0.528210 -1.052074 -0.189361
v 0.373018 -0.902080 -0.175546
v -0.218350 -1.067340 -0.608159
v -0.135315 -0.945626 -0.498981
v 0.718325 -0.084542 -0.563148
v 0.765657 0.198076 -0.283289
v 0.739551 -0.201606 -0.280614
v 0.776070 -0.084542 0.000353
v 0.806489 0.198076 0.115166
v 0.812990 0.480693 -0.003430
v 0.791763 0.597757 -0.285964
v 0.755244 0.480693 -0.566931
v 0.724825 0.198076 -0.681745
v 0.937861 0.506633 -0.300936
v 0.908755 0.413332 -0.524869
v 0.917054 0.188083 -0.298804
v 0.949598 0.188083 0.018769
v 0.954778 0.413332 -0.075753
v 0.896247 -0.130467 -0.296671
v 0.925353 -0.037166 -0.072738
v 0.884510 0.188083 -0.616377
v 0.879330 -0.037166 -0.521854
v 0.964386 0.470701 -0.018945
v 0.957886 0.188083 0.099652
v 0.906641 0.470701 -0.582446
v 0.943160 0.587765 -0.301479
v 0.890948 -0.211599 -0.296128
v 0.869722 -0.094535 -0.578662
v 0.927467 -0.094535 -0.015161
v 0.876222 0.188083 -0.697259
v -0.718325 -0.084542 -0.563148
v -0.739551 -0.201606 -0.280614
v -0.765657 0.198076 -0.283289
v -0.776070 -0.084542 0.000353
v -0.806489 0.198076 0.115166
v -0.812990 0.480693 -0.003430
v -0.791763 0.597757 -0.285964
v -0.755244 0.480693 -0.566931
v -0.724825 0.198076 -0.681745
v -0.937861 0.506633 -0.300936
v -0.917054 0.188083 -0.298804
v -0.908755 0.413332 -0.524869
v -0.949598 0.188083 0.018769
v -0.954778 0.413332 -0.075753
v -0.896247 -0.130467 -0.296671
v -0.925353 -0.037166 -0.072738
v -0.884510 0.188083 -0.616377
v -0.879330 -0.037166 -0.521854
v -0.964386 0.470701 -0.018945
v -0.957886 0.188083 0.099652
v -0.906641 0.470701 -0.582446
v -0.943160 0.587765 -0.301479
v -0.890948 -0.211599 -0.296128
v -0.869722 -0.094535 -0.578662
v -0.927467 -0.094535 -0.015161
v -0.876222 0.188083 -0.697259
v 0.636684 -0.434554 -0.116792
v 0.581128 -0.397856 -0.127084
v 0.581787 -0.396675 -0.117728
v 0.635947 -0.435705 -0.126287
v 0.510898 -0.370563 -0.020301
v 0.513507 -0.368161 -0.033546
v 0.511787 -0.368988 -0.026942
v 0.515954 -0.368136 -0.039702
v 0.510898 -0.372790 -0.014033
v 0.519088 -0.368886 -0.045382
v 0.511758 -0.375632 -0.008172
v 0.523075 -0.370605 -0.050552
v 0.513479 -0.379072 -0.002771
v 0.528519 -0.371718 -0.055420
v 0.515943 -0.383011 0.002188
v 0.534737 -0.372972 -0.059918
v 0.519208 -0.387478 0.006641
v 0.524571 -0.380614 -0.026509
v 0.524771 -0.382030 -0.022522
v 0.524952 -0.379787 -0.030387
v 0.524933 -0.383439 -0.018959
v 0.527515 -0.380522 -0.033770
v 0.541447 -0.374977 -0.063825
v 0.523219 -0.392409 0.010545
v 0.525700 -0.385293 -0.015652
v 0.529506 -0.381140 -0.037090
v 0.527058 -0.387572 -0.012613
v 0.532195 -0.382464 -0.039911
v 0.528992 -0.390261 -0.009855
v 0.535280 -0.384270 -0.042458
v 0.548624 -0.377786 -0.067035
v 0.527944 -0.397768 0.013875
v 0.531487 -0.393342 -0.007389
v 0.539178 -0.386157 -0.044681
v 0.534529 -0.396796 -0.005229
v 0.543911 -0.388055 -0.046716
v 0.556164 -0.381322 -0.069529
v 0.533357 -0.403518 0.016601
v 0.538101 -0.400608 -0.003386
v 0.548912 -0.390379 -0.048404
v 0.564013 -0.385548 -0.071308
v 0.539426 -0.409622 0.018687
v 0.542190 -0.404758 -0.001873
v 0.554266 -0.393197 -0.049714
v 0.546781 -0.409231 -0.000702
v 0.559951 -0.396501 -0.050636
v 0.572124 -0.390447 -0.072346
v 0.546124 -0.416042 0.020102
v 0.551859 -0.414008 0.000116
v 0.565943 -0.400283 -0.051157
v 0.580447 -0.396006 -0.072611
v 0.553422 -0.422742 0.020811
v 0.557409 -0.419072 0.000567
v 0.572217 -0.404535 -0.051266
v 0.560867 -0.429307 0.020774
v 0.563037 -0.424065 0.000625
v 0.578333 -0.408952 -0.050962
v 0.588466 -0.401880 -0.072088
v 0.568343 -0.428631 0.000281
v 0.583852 -0.413223 -0.050259
v 0.595684 -0.407706 -0.070808
v 0.567998 -0.435329 0.019990
v 0.573310 -0.432758 -0.000454
v 0.588762 -0.417331 -0.049171
v 0.602074 -0.413442 -0.068805
v 0.574774 -0.440783 0.018489
v 0.577917 -0.436432 -0.001571
v 0.593047 -0.421257 -0.047708
v 0.582146 -0.439639 -0.003058
v 0.596694 -0.424983 -0.045884
v 0.607611 -0.419050 -0.066112
v 0.581154 -0.445642 0.016301
v 0.585976 -0.442367 -0.004905
v 0.599688 -0.428492 -0.043712
v 0.612268 -0.424487 -0.062764
v 0.587097 -0.449881 0.013455
v 0.589404 -0.444615 -0.007103
v 0.602015 -0.431765 -0.041203
v 0.592700 -0.446346 -0.009685
v 0.603661 -0.434783 -0.038370
v 0.592576 -0.453471 0.009929
v 0.616020 -0.429714 -0.058793
v 0.596218 -0.446732 -0.012798
v 0.604611 -0.437530 -0.035226
v 0.599271 -0.446642 -0.016206
v 0.604851 -0.439987 -0.031782
v 0.601557 -0.445623 -0.019999
v 0.604368 -0.442136 -0.028051
v 0.597438 -0.456292 0.005727
v 0.618838 -0.434693 -0.054228
v 0.603370 -0.444188 -0.024002
v 0.601709 -0.458416 0.000987
v 0.620673 -0.439363 -0.049109
v 0.606225 -0.459267 -0.004272
v 0.621579 -0.443725 -0.043490
v 0.611011 -0.458518 -0.010308
v 0.621446 -0.447704 -0.037372
v 0.614893 -0.456850 -0.016836
v 0.620277 -0.451270 -0.030801
v 0.618046 -0.454383 -0.023811
v 0.580386 -0.398996 -0.136512
v 0.525571 -0.361160 -0.137375
v 0.635211 -0.436859 -0.135796
v 0.526226 -0.359966 -0.127953
v 0.526880 -0.358769 -0.118517
vn 0.9182 0.2006 0.3415
vn 0.3234 0.1492 -0.9345
vn -0.8825 -0.1371 -0.4499
vn -0.4241 -0.2216 0.8781
vn 0.3195 -0.0427 0.9466
vn 0.8611 0.2407 -0.4479
vn -0.3862 0.0284 -0.9220
vn -0.9121 -0.2623 0.3152
vn 0.8768 0.2880 0.3851
vn 0.4147 0.0636 -0.9077
vn -0.8897 -0.1380 -0.4352
vn -0.4001 -0.0580 0.9146
vn 0.3403 0.1318 0.9310
vn 0.8948 0.2549 -0.3666
vn -0.3429 -0.0813 -0.9358
vn -0.9312 -0.1553 0.3296
vn 0.4024 -0.1907 0.8954
vn 0.9276 0.1374 -0.3473
vn -0.2907 -0.2432 -0.9254
vn -0.6604 -0.6769 0.3252
vn 0.9149 -0.0165 0.4033
vn 0.4125 0.0666 -0.9085
vn -0.7159 -0.5804 -0.3882
vn 0.2492 -0.9591 -0.1341
vn 0.1666 -0.9845 0.0542
vn 0.4220 -0.9045 0.0613
vn 0.3549 -0.9260 -0.1287
vn 0.1702 -0.9837 -0.0584
vn 0.2405 -0.9612 0.1351
vn 0.3463 -0.9281 0.1371
vn 0.4255 -0.9037 -0.0478
vn 0.8723 -0.4111 -0.2646
vn 0.4495 -0.5056 0.7364
vn -0.1560 -0.6386 0.7535
vn -0.5849 -0.7310 -0.3515
vn 0.4963 -0.4952 -0.7131
vn 0.8538 -0.4152 0.3140
vn -0.6063 -0.7357 0.3020
vn -0.1063 -0.6277 -0.7712
vn -0.9159 -0.2275 0.3306
vn -0.3865 0.0269 -0.9219
vn 0.8191 0.3869 -0.4236
vn 0.3174 0.1354 0.9386
vn -0.4260 -0.0517 0.9033
vn -0.8766 -0.2097 -0.4331
vn 0.3000 0.2973 -0.9064
vn 0.8886 0.3018 0.3455
vn -0.7936 -0.4694 -0.3871
vn -0.3189 -0.7384 0.5942
vn 0.2648 -0.0543 0.9628
vn 0.7550 0.2333 -0.6129
vn -0.2649 -0.1830 -0.9468
vn -0.7891 -0.6130 0.0401
vn 0.7139 0.1619 0.6813
vn 0.2614 0.0933 -0.9607
vn 0.4706 0.2510 -0.8459
vn 0.2049 0.2841 -0.9366
vn -0.0393 0.1777 -0.9833
vn -0.1500 -0.4351 -0.8878
vn 0.1804 0.0554 -0.9820
vn 0.6740 0.0446 -0.7374
vn 0.3125 0.9155 -0.2533
vn 0.6125 -0.6579 0.4382
vn 0.9640 0.2653 -0.0195
vn 0.0219 -0.8985 0.4383
vn 0.9775 0.1640 0.1323
vn 0.5152 0.8289 -0.2179
vn 0.4160 -0.7528 0.5101
vn 0.0577 0.9702 -0.2354
vn 0.1129 -0.9218 0.3709
vn 0.9667 0.0948 0.2377
vn 0.5833 0.7305 0.3552
vn 0.0318 0.9681 0.2483
vn 0.4216 -0.8899 -0.1742
vn 0.8570 0.2494 0.4509
vn 0.1862 0.9561 0.2262
vn 0.2833 -0.9438 0.1703
vn 0.2777 -0.9366 0.2135
vn 0.0909 -0.9918 0.0895
vn 0.6180 0.7356 0.2776
vn 0.0670 0.9383 0.3393
vn 0.3296 -0.8984 0.2902
vn 0.1772 -0.9792 0.0989
vn 0.2617 0.8752 0.4068
vn 0.6121 0.3038 0.7301
vn -0.7178 0.3661 -0.5922
vn 0.5678 -0.3814 0.7294
vn 0.2242 0.9745 0.0110
vn 0.2467 0.1953 0.9492
vn 0.1927 0.3854 0.9024
vn 0.0303 0.4300 0.9023
vn 0.3543 -0.2623 0.8976
vn 0.3121 -0.2373 0.9199
vn 0.1554 0.4233 0.8926
vn 0.2203 -0.6620 0.7165
vn 0.0590 -0.7457 0.6636
vn 0.5982 -0.4715 0.6480
vn -0.5654 -0.5016 -0.6548
vn 0.0194 -0.9998 -0.0068
vn 0.6180 0.4890 0.6155
vn -0.5384 0.5035 -0.6757
vn 0.0139 0.9998 -0.0119
vn 0.0030 -1.0000 0.0029
vn 0.6008 0.5054 0.6194
vn -0.6272 0.4864 -0.6082
vn -0.0029 1.0000 -0.0030
vn 0.6127 -0.4884 0.6213
vn -0.6257 -0.5053 -0.5943
vn 0.6633 0.4208 -0.6189
vn 0.9021 -0.1126 -0.4167
vn 0.4865 -0.1123 -0.8665
vn 0.7024 -0.2874 -0.6512
vn 0.8841 0.2442 -0.3986
vn 0.4654 0.2391 -0.8522
vn -0.7194 -0.4348 -0.5416
vn 0.4201 -0.0439 -0.9064
vn 0.1200 0.3048 -0.9448
vn 0.1200 -0.2615 -0.9577
vn 0.0527 -0.2850 -0.9571
vn 0.4479 0.0604 -0.8921
vn 0.4241 0.0297 -0.9051
vn 0.0286 0.3540 -0.9348
vn 0.5659 0.5404 -0.6227
vn 0.0775 0.7187 -0.6909
vn 0.7059 -0.6206 -0.3413
vn 0.8995 -0.0879 -0.4279
vn 0.2705 0.7225 -0.6363
vn 0.4207 -0.8792 -0.2238
vn 0.1182 -0.9645 -0.2362
vn 0.8234 0.1548 -0.5460
vn 0.4046 -0.9132 -0.0478
vn 0.0742 -0.9972 -0.0056
vn 0.9673 0.1915 -0.1663
vn 0.6254 0.7524 -0.2069
vn 0.1195 0.9662 -0.2283
vn 0.7411 -0.6690 -0.0568
vn 0.9876 -0.0931 -0.1268
vn 0.3348 0.9184 -0.2106
vn 0.9558 0.2489 0.1565
vn 0.6266 0.7497 0.2127
vn 0.1188 0.9629 0.2424
vn 0.7332 -0.6327 0.2492
vn 0.9802 -0.1260 0.1525
vn 0.3224 0.9221 0.2138
vn 0.3993 -0.8698 0.2897
vn 0.0482 -0.9530 0.2991
vn 0.6841 -0.5529 0.4758
vn 0.8580 -0.1510 0.4910
vn 0.2984 0.8429 0.4478
vn 0.3897 -0.7843 0.4827
vn 0.1064 -0.8673 0.4863
vn 0.8313 0.2723 0.4846
vn 0.6168 0.6421 0.4553
vn 0.1142 0.8856 0.4501
vn 0.0353 0.0348 0.9988
vn 0.0138 0.1008 0.9948
vn 0.0154 -0.0069 0.9999
vn 0.0056 -0.0141 0.9999
vn 0.0347 0.0597 0.9976
vn 0.0268 0.0818 0.9963
vn 0.0045 0.1082 0.9941
vn 0.0284 0.0123 0.9995
vn 0.2956 -0.2140 0.9311
vn 0.0465 0.3968 0.9167
vn 0.2590 0.2950 0.9197
vn 0.3622 0.1437 0.9210
vn 0.0549 -0.3431 0.9377
vn 0.1574 -0.3138 0.9363
vn 0.1226 0.3788 0.9173
vn 0.3789 -0.0436 0.9244
vn -0.1609 -0.9668 0.1986
vn -0.2306 -0.9570 -0.1760
vn -0.2870 -0.8640 -0.4137
vn -0.0479 0.0798 -0.9957
vn 0.0576 0.4058 -0.9122
vn 0.8892 0.4425 0.1158
vn 0.5087 -0.7221 -0.4688
vn 0.0902 -0.3192 -0.9434
vn 0.9298 -0.3573 0.0878
vn 0.4356 0.8016 -0.4094
vn 0.3619 -0.0735 -0.9293
vn 0.7655 0.1434 -0.6273
vn 0.0995 -0.8678 -0.4868
vn 0.3577 -0.8497 -0.3874
vn 0.2539 0.7257 -0.6394
vn 0.7574 -0.0842 -0.6475
vn 0.7384 -0.4470 -0.5050
vn 0.0523 0.7190 -0.6930
vn 0.6567 0.4723 -0.5880
vn 0.0299 0.0835 -0.9961
vn 0.0041 -0.1522 -0.9883
vn 0.0981 -0.1751 -0.9797
vn 0.0482 -0.0284 -0.9984
vn 0.0003 0.1144 -0.9934
vn -0.0102 0.1036 -0.9946
vn -0.0186 -0.1459 -0.9891
vn 0.0330 -0.0155 -0.9993
vn -0.2487 -0.4570 0.8540
vn -0.9182 0.2006 0.3415
vn -0.3234 0.1492 -0.9345
vn 0.8825 -0.1371 -0.4499
vn 0.4241 -0.2216 0.8781
vn -0.3195 -0.0427 0.9466
vn -0.8611 0.2407 -0.4479
vn 0.3862 0.0284 -0.9220
vn 0.9121 -0.2623 0.3152
vn -0.8768 0.2880 0.3851
vn -0.4147 0.0636 -0.9077
vn 0.8897 -0.1380 -0.4352
vn 0.4001 -0.0580 0.9146
vn -0.3403 0.1318 0.9310
vn -0.8948 0.2549 -0.3666
vn 0.3429 -0.0813 -0.9358
vn 0.9312 -0.1553 0.3296
vn -0.4024 -0.1907 0.8954
vn -0.9276 0.1374 -0.3473
vn 0.2907 -0.2432 -0.9254
vn 0.6604 -0.6769 0.3252
vn -0.9149 -0.0165 0.4033
vn -0.4125 0.0666 -0.9085
vn 0.7159 -0.5804 -0.3882
vn -0.2492 -0.9591 -0.1341
vn -0.1666 -0.9845 0.0542
vn -0.4220 -0.9045 0.0613
vn -0.3549 -0.9260 -0.1287
vn -0.1702 -0.9837 -0.0584
vn -0.2405 -0.9612 0.1351
vn -0.3463 -0.9281 0.1371
vn -0.4255 -0.9037 -0.0478
vn -0.8723 -0.4111 -0.2646
vn -0.4495 -0.5056 0.7364
vn 0.1560 -0.6386 0.7535
vn 0.5849 -0.7310 -0.3515
vn -0.4963 -0.4952 -0.7131
vn -0.8538 -0.4152 0.3140
vn 0.6063 -0.7357 0.3020
vn 0.1063 -0.6277 -0.7712
vn 0.9159 -0.2275 0.3306
vn 0.3865 0.0269 -0.9219
vn -0.8191 0.3869 -0.4236
vn -0.3174 0.1354 0.9386
vn 0.4260 -0.0517 0.9033
vn 0.8766 -0.2097 -0.4331
vn -0.3000 0.2973 -0.9064
vn -0.8886 0.3018 0.3455
vn 0.7936 -0.4694 -0.3871
vn 0.3189 -0.7384 0.5942
vn -0.2648 -0.0543 0.9628
vn -0.7550 0.2333 -0.6129
vn 0.2649 -0.1830 -0.9468
vn 0.7891 -0.6130 0.0401
vn -0.7139 0.1619 0.6813
vn -0.2614 0.0933 -0.9607
vn -0.4706 0.2510 -0.8459
vn -0.2049 0.2841 -0.9366
vn 0.0393 0.1777 -0.9833
vn 0.1500 -0.4351 -0.8878
vn -0.1804 0.0554 -0.9820
vn -0.6740 0.0446 -0.7374
vn -0.3125 0.9155 -0.2533
vn -0.6125 -0.6579 0.4382
vn -0.9640 0.2653 -0.0195
vn -0.0219 -0.8985 0.4383
vn -0.9775 0.1640 0.1323
vn -0.5152 0.8289 -0.2179
vn -0.4160 -0.7528 0.5101
vn -0.0577 0.9702 -0.2354
vn -0.1129 -0.9218 0.3709
vn -0.9667 0.0948 0.2377
vn -0.5833 0.7305 0.3552
vn -0.0318 0.9681 0.2483
vn -0.4216 -0.8899 -0.1742
vn -0.8570 0.2494 0.4509
vn -0.1862 0.9561 0.2262
vn -0.2833 -0.9438 0.1703
vn -0.2777 -0.9366 0.2135
vn -0.0909 -0.9918 0.0895
vn -0.6493 0.6864 0.3274
vn -0.0670 0.9383 0.3393
vn -0.3296 -0.8984 0.2902
vn -0.1772 -0.9792 0.0989
vn -0.2617 0.8752 0.4068
vn -0.5537 0.3144 0.7711
vn 0.7178 0.3661 -0.5922
vn -0.5547 -0.3258 0.7656
vn -0.2176 0.9715 0.0939
vn -0.3285 0.1325 0.9352
vn -0.2465 0.3603 0.8997
vn -0.0303 0.4300 0.9023
vn -0.3543 -0.2623 0.8976
vn -0.3718 -0.1237 0.9200
vn -0.1554 0.4233 0.8926
vn -0.2203 -0.6620 0.7165
vn -0.0590 -0.7457 0.6636
vn -0.5982 -0.4715 0.6480
vn 0.5654 -0.5016 -0.6548
vn -0.0194 -0.9998 -0.0068
vn -0.6180 0.4890 0.6155
vn 0.5384 0.5035 -0.6757
vn -0.0139 0.9998 -0.0119
vn -0.0030 -1.0000 0.0029
vn -0.6008 0.5054 0.6194
vn 0.6272 0.4864 -0.6082
vn 0.0029 1.0000 -0.0030
vn -0.6127 -0.4884 0.6213
vn 0.6257 -0.5053 -0.5943
vn -0.6758 0.3819 -0.6304
vn -0.8876 -0.0914 -0.4515
vn -0.5202 -0.0907 -0.8492
vn -0.7108 -0.2452 -0.6593
vn -0.8720 0.2250 -0.4346
vn -0.5008 0.2200 -0.8371
vn 0.7194 -0.4348 -0.5416
vn -0.4423 -0.0532 -0.8953
vn -0.1200 0.3048 -0.9448
vn -0.1200 -0.2615 -0.9577
vn -0.0527 -0.2850 -0.9571
vn -0.4581 0.0548 -0.8872
vn -0.4241 0.0297 -0.9051
vn -0.0286 0.3540 -0.9348
vn -0.5659 0.5404 -0.6227
vn -0.0775 0.7187 -0.6909
vn -0.7059 -0.6206 -0.3413
vn -0.8995 -0.0879 -0.4279
vn -0.2705 0.7225 -0.6363
vn -0.4207 -0.8792 -0.2238
vn -0.1182 -0.9645 -0.2362
vn -0.8234 0.1548 -0.5460
vn -0.4046 -0.9132 -0.0478
vn -0.0742 -0.9972 -0.0056
vn -0.9673 0.1915 -0.1663
vn -0.6254 0.7524 -0.2069
vn -0.1195 0.9662 -0.2283
vn -0.7411 -0.6690 -0.0568
vn -0.9876 -0.0931 -0.1268
vn -0.3348 0.9184 -0.2106
vn -0.9558 0.2489 0.1565
vn -0.6266 0.7497 0.2127
vn -0.1188 0.9629 0.2424
vn -0.7332 -0.6327 0.2492
vn -0.9802 -0.1260 0.1525
vn -0.3224 0.9221 0.2138
vn -0.3993 -0.8698 0.2897
vn -0.0482 -0.9530 0.2991
vn -0.6841 -0.5529 0.4758
vn -0.8580 -0.1510 0.4910
vn -0.2984 0.8429 0.4478
vn -0.3897 -0.7843 0.4827
vn -0.1064 -0.8673 0.4863
vn -0.8313 0.2723 0.4846
vn -0.6168 0.6421 0.4553
vn -0.1142 0.8856 0.4501
vn -0.0353 0.0348 0.9988
vn -0.0138 0.1008 0.9948
vn -0.0154 -0.0069 0.9999
vn -0.0056 -0.0141 0.9999
vn -0.0347 0.0597 0.9976
vn -0.0268 0.0818 0.9963
vn -0.0045 0.1082 0.9941
vn -0.0284 0.0123 0.9995
vn -0.2956 -0.2140 0.9311
vn -0.0465 0.3968 0.9167
vn -0.2590 0.2950 0.9197
vn -0.3622 0.1437 0.9210
vn -0.0549 -0.3431 0.9377
vn -0.1574 -0.3138 0.9363
vn -0.1226 0.3788 0.9173
vn -0.3789 -0.0436 0.9244
vn 0.1609 -0.9668 0.1986
vn 0.2306 -0.9570 -0.1760
vn 0.2870 -0.8640 -0.4137
vn 0.0479 0.0798 -0.9957
vn -0.0576 0.4058 -0.9122
vn -0.8892 0.4425 0.1158
vn -0.5087 -0.7221 -0.4688
vn -0.0902 -0.3192 -0.9434
vn -0.9298 -0.3573 0.0878
vn -0.4356 0.8016 -0.4094
vn -0.3811 -0.0713 -0.9218
vn -0.7621 0.1380 -0.6326
vn -0.0995 -0.8678 -0.4868
vn -0.3577 -0.8497 -0.3874
vn -0.2539 0.7257 -0.6394
vn -0.7452 -0.0842 -0.6615
vn -0.7374 -0.4395 -0.5129
vn -0.0523 0.7190 -0.6930
vn -0.6567 0.4723 -0.5880
vn -0.0299 0.0835 -0.9961
vn -0.0041 -0.1522 -0.9883
vn -0.0981 -0.1751 -0.9797
vn -0.0482 -0.0284 -0.9984
vn -0.0003 0.1144 -0.9934
vn 0.0102 0.1036 -0.9946
vn 0.0186 -0.1459 -0.9891
vn -0.0330 -0.0155 -0.9993
vn 0.2487 -0.4570 0.8540
vn 0.2804 0.8723 -0.4005
vn -0.0431 0.8824 -0.4685
vn -0.2870 0.8031 -0.5222
vn 0.2887 0.9436 -0.1623
vn 0.0000 0.9890 -0.1479
vn -0.3096 0.9389 -0.1501
vn 0.3488 0.8403 0.4149
vn 0.0000 0.9042 0.4270
vn -0.3597 0.8411 0.4040
vn -0.8344 0.2996 -0.4627
vn -0.9271 0.3284 -0.1809
vn -0.9968 -0.0230 -0.0772
vn -0.9893 -0.1458 -0.0065
vn -0.8336 0.3688 0.4112
vn -0.9190 -0.0037 0.3942
vn -0.8979 -0.2196 0.3816
vn -0.7746 -0.6290 0.0664
vn 0.0086 -0.9828 0.1846
vn 0.7754 -0.5575 0.2966
vn -0.5265 -0.6931 0.4924
vn -0.0329 -0.8223 0.5681
vn 0.5987 -0.7133 0.3645
vn 0.8328 0.3181 -0.4529
vn 0.9742 -0.2255 0.0121
vn 0.9859 0.1482 -0.0782
vn 0.9692 0.2121 -0.1249
vn 0.8679 -0.2841 0.4076
vn 0.9248 0.0322 0.3791
vn 0.8813 0.2789 0.3815
vn 0.2954 0.4919 -0.8190
vn 0.0005 0.6195 -0.7850
vn -0.3527 0.5671 -0.7443
vn 0.3447 0.3809 0.8580
vn 0.0000 0.3798 0.9251
vn -0.3450 0.3806 0.8580
vn 0.3348 -0.0004 0.9423
vn 0.0000 0.0000 1.0000
vn -0.3224 0.0149 0.9465
vn 0.3153 -0.3727 0.8728
vn 0.0000 -0.3895 0.9210
vn -0.2781 -0.3599 0.8906
vn -0.8049 -0.5917 -0.0460
vn 0.8866 -0.4469 0.1194
vn 0.9948 -0.1018 -0.0033
vn 0.9891 -0.0687 -0.1300
vn 0.9909 0.1242 -0.0509
vn 0.9642 0.1655 0.2072
vn 0.0723 -0.9973 -0.0110
vn 0.9120 -0.3573 0.2013
vn 0.9893 0.1348 0.0551
vn -0.2736 -0.8746 0.4002
vn 0.0440 -0.8828 0.4678
vn 0.2816 -0.8040 0.5237
vn -0.2794 -0.9458 0.1656
vn -0.0005 -0.9886 0.1507
vn 0.3026 -0.9409 0.1522
vn -0.3452 -0.8412 -0.4162
vn -0.0001 -0.9053 -0.4248
vn 0.3576 -0.8418 -0.4043
vn 0.8347 -0.2961 0.4643
vn 0.9286 -0.3227 0.1830
vn 0.9966 0.0265 0.0781
vn 0.9899 0.1414 0.0094
vn 0.8339 -0.3669 -0.4123
vn 0.9208 0.0063 -0.3900
vn 0.9008 0.2167 -0.3762
vn 0.7776 0.6260 -0.0595
vn -0.0111 0.9846 -0.1745
vn -0.7784 0.5557 -0.2919
vn 0.5255 0.6937 -0.4926
vn 0.0330 0.8212 -0.5697
vn -0.6012 0.7123 -0.3623
vn -0.8340 -0.3142 0.4536
vn -0.9743 0.2249 -0.0107
vn -0.9856 -0.1487 0.0803
vn -0.9712 -0.2029 0.1245
vn -0.8688 0.2877 -0.4031
vn -0.9267 -0.0330 -0.3744
vn -0.8834 -0.2737 -0.3804
vn -0.2908 -0.4905 0.8215
vn -0.0008 -0.6184 0.7859
vn 0.3505 -0.5673 0.7452
vn -0.3418 -0.3800 -0.8595
vn -0.0000 -0.3759 -0.9267
vn 0.3428 -0.3790 -0.8595
vn -0.3292 0.0009 -0.9443
vn 0.0002 0.0003 -1.0000
vn 0.3168 -0.0155 -0.9484
vn -0.3100 0.3717 -0.8751
vn 0.0006 0.3871 -0.9220
vn 0.2723 0.3602 -0.8922
vn 0.8050 0.5915 0.0464
vn -0.8872 0.4459 -0.1189
vn -0.9949 0.1006 0.0053
vn -0.9891 0.0687 0.1302
vn -0.9909 -0.1243 0.0508
vn -0.9643 -0.1654 -0.2069
vn -0.0726 0.9973 0.0120
vn -0.9118 0.3567 -0.2036
vn -0.9893 -0.1349 -0.0552
vn 0.0651 -0.7432 -0.6659
vn 0.0853 -0.5817 -0.8089
vn 0.0803 -0.5159 -0.8529
vn 0.2658 -0.9336 -0.2402
vn -0.4491 0.6580 -0.6044
vn 0.1210 0.0197 -0.9925
vn 0.0856 -0.0241 -0.9960
vn 0.6639 -0.6396 -0.3875
vn 0.9635 0.1100 -0.2441
vn -0.0948 -0.8296 -0.5503
vn -0.1270 -0.6674 -0.7338
vn -0.0050 -0.6734 -0.7393
vn -0.5314 0.8447 0.0638
vn -0.8258 0.0124 -0.5638
vn -0.1888 -0.7641 -0.6169
vn -0.3719 -0.6725 -0.6399
vn 0.0060 -0.8098 -0.5867
vn 0.1821 -0.7311 -0.6576
vn 0.5737 -0.7504 -0.3283
vn -0.4963 0.6669 -0.5558
vn -0.1834 -0.7165 -0.6731
vn -0.2013 0.1378 0.9698
vn -0.1450 -0.9700 -0.1949
vn 0.2578 0.9594 0.1149
vn -0.1294 0.0133 -0.9915
vn -0.0877 -0.9793 -0.1825
vn 0.0198 0.9032 -0.4287
vn 0.0477 0.0285 0.9984
vn 0.1266 -0.9919 -0.0109
vn -0.1274 0.9916 -0.0205
vn 0.2044 0.0340 -0.9783
vn 0.1462 -0.9823 -0.1171
vn -0.1084 0.9561 -0.2724
vn 0.9858 0.0439 -0.1620
vn -0.7159 -0.0746 -0.6942
vn -0.2422 -0.9392 -0.2435
vn 0.1375 0.9900 0.0316
vn 0.1751 -0.9798 -0.0967
vn -0.1204 0.9613 -0.2478
vn 0.3612 0.9255 -0.1137
vn 0.0722 -0.9958 0.0562
vn 0.3315 -0.0292 -0.9430
vn -0.0722 0.9958 -0.0562
vn 0.0722 -0.9958 0.0562
vn 0.3315 -0.0292 -0.9430
vn -0.3315 0.0292 0.9430
vn -0.3315 0.0292 0.9430
vn 0.9095 0.0888 0.4061
vn 0.3315 -0.0292 -0.9430
vn 0.9652 0.0839 0.2477
vn 0.0722 -0.9958 0.0562
vn 0.9434 0.0027 0.3316
vn -0.0722 0.9958 -0.0562
vn 0.9313 0.1700 0.3221
vn -0.3315 0.0292 0.9430
vn 0.3315 -0.0292 -0.9430
vn 0.0722 -0.9958 0.0562
vn -0.0722 0.9958 -0.0562
vn -0.9434 -0.0027 -0.3316
vn -0.9313 -0.1700 -0.3221
vn -0.9095 -0.0888 -0.4061
vn -0.9652 -0.0839 -0.2477
vn -0.9407 -0.0867 -0.3280
vn -0.9407 -0.0867 -0.3280
vn -0.9407 -0.0867 -0.3280
vn -0.9407 -0.0867 -0.3280
vn 0.9407 0.0867 0.3280
vn 0.9407 0.0867 0.3280
vn 0.9407 0.0867 0.3280
vn 0.9407 0.0867 0.3280
vn -0.3315 0.0292 0.9430
vn -0.0722 0.9958 -0.0562
vn -0.0722 -0.9958 0.0562
vn -0.3315 -0.0292 -0.9430
vn 0.0722 0.9958 -0.0562
vn -0.0722 -0.9958 0.0562
vn -0.3315 -0.0292 -0.9430
vn 0.3315 0.0292 0.9430
vn 0.3315 0.0292 0.9430
vn -0.9095 0.0888 0.4061
vn -0.3315 -0.0292 -0.9430
vn -0.9652 0.0839 0.2476
vn -0.0722 -0.9958 0.0562
vn -0.9434 0.0027 0.3316
vn 0.0722 0.9958 -0.0562
vn -0.9313 0.1700 0.3221
vn 0.3315 0.0292 0.9430
vn -0.3315 -0.0292 -0.9430
vn -0.0722 -0.9958 0.0562
vn 0.0722 0.9958 -0.0562
vn 0.9434 -0.0027 -0.3316
vn 0.9313 -0.1700 -0.3221
vn 0.9095 -0.0888 -0.4061
vn 0.9652 -0.0839 -0.2477
vn 0.9407 -0.0867 -0.3280
vn 0.9407 -0.0867 -0.3280
vn 0.9407 -0.0867 -0.3280
vn 0.9407 -0.0867 -0.3280
vn -0.9407 0.0867 0.3280
vn -0.9407 0.0867 0.3280
vn -0.9407 0.0867 0.3280
vn -0.9407 0.0867 0.3280
vn 0.3315 0.0292 0.9430
vn 0.0722 0.9958 -0.0562
vn -0.3551 -0.3333 -0.8734
vn -0.0330 -0.9170 0.3976
vn 0.1744 0.3554 0.9183
vn -0.2354 0.3366 -0.9117
vn -0.2380 -0.8909 -0.3869
vn 0.1032 -0.3611 0.9268
vn 0.1771 0.8929 0.4141
vn 0.0247 0.9161 -0.4002
vn -0.9793 0.2023 0.0013
vn -0.4997 -0.8632 0.0721
vn 0.8425 -0.2779 0.4615
vn 0.3291 0.8867 0.3247
vn -0.7042 0.7091 0.0372
vn -0.9543 -0.2987 0.0030
vn 0.4280 -0.8473 0.3144
vn 0.8031 0.3729 0.4647
vn 0.4901 -0.8442 0.2171
vn 0.8221 0.3976 0.4075
vn -0.9654 0.2604 -0.0129
vn -0.4055 -0.9141 -0.0023
vn 0.8984 -0.2858 0.3333
vn 0.2785 0.8898 0.3616
vn -0.6047 0.7823 0.1498
vn -0.9196 -0.3787 -0.1044
vn 0.3188 0.9391 0.1281
vn -0.4242 0.8840 -0.1963
vn -0.8844 -0.3993 -0.2418
vn 0.4679 -0.8627 0.1921
vn 0.8319 0.3953 0.3893
vn -0.8966 0.3113 -0.3151
vn -0.3442 -0.9301 -0.1283
vn 0.8570 -0.3067 0.4141
vn 0.1643 0.1672 -0.9721
vn 0.0654 0.1611 -0.9848
vn 0.0089 -0.0167 -0.9998
vn 0.1888 -0.0779 -0.9789
vn 0.2409 0.1036 -0.9650
vn 0.0001 0.0870 -0.9962
vn 0.0874 -0.0848 -0.9926
vn 0.2529 0.0005 -0.9675
vn 0.6945 -0.1646 -0.7005
vn -0.0906 -0.5784 -0.8107
vn -0.5030 0.2382 -0.8308
vn 0.6431 0.3093 -0.7006
vn 0.3997 -0.5344 -0.7448
vn -0.4706 -0.2487 -0.8466
vn -0.1938 0.5865 -0.7864
vn 0.2823 0.6150 -0.7362
vn 0.3551 -0.3333 -0.8734
vn 0.0330 -0.9170 0.3976
vn -0.1744 0.3554 0.9183
vn 0.2354 0.3366 -0.9117
vn 0.2380 -0.8909 -0.3869
vn -0.1032 -0.3611 0.9268
vn -0.1771 0.8929 0.4141
vn -0.0247 0.9161 -0.4002
vn 0.9793 0.2023 0.0013
vn 0.4997 -0.8632 0.0721
vn -0.8425 -0.2779 0.4615
vn -0.3291 0.8867 0.3247
vn 0.7042 0.7091 0.0372
vn 0.9543 -0.2987 0.0030
vn -0.4280 -0.8473 0.3144
vn -0.8031 0.3729 0.4647
vn -0.4901 -0.8442 0.2171
vn -0.8221 0.3976 0.4075
vn 0.9654 0.2604 -0.0129
vn 0.4055 -0.9141 -0.0023
vn -0.8984 -0.2858 0.3333
vn -0.2785 0.8898 0.3616
vn 0.6047 0.7823 0.1498
vn 0.9196 -0.3787 -0.1044
vn -0.3188 0.9391 0.1281
vn 0.4242 0.8840 -0.1963
vn 0.8844 -0.3993 -0.2418
vn -0.4679 -0.8627 0.1921
vn -0.8319 0.3953 0.3893
vn 0.8966 0.3113 -0.3151
vn 0.3442 -0.9301 -0.1283
vn -0.8570 -0.3067 0.4141
vn -0.1643 0.1672 -0.9721
vn -0.0654 0.1611 -0.9848
vn -0.0089 -0.0167 -0.9998
vn -0.1888 -0.0779 -0.9789
vn -0.2409 0.1036 -0.9650
vn -0.0001 0.0870 -0.9962
vn -0.0874 -0.0848 -0.9926
vn -0.2529 0.0005 -0.9675
vn -0.6945 -0.1646 -0.7005
vn 0.0906 -0.5784 -0.8107
vn 0.5030 0.2382 -0.8308
vn -0.6431 0.3093 -0.7006
vn -0.3997 -0.5344 -0.7448
vn 0.4706 -0.2487 -0.8466
vn 0.1938 0.5865 -0.7864
vn -0.2823 0.6150 -0.7362
vn -0.8137 -0.1762 0.5540
vn -0.1004 0.9938 0.0489
vn 0.5854 0.8105 0.0163
vn 0.5988 -0.1508 0.7865
vn 0.0013 -0.4242 0.9056
vn -0.8583 0.5097 0.0592
vn 0.9694 0.2425 0.0383
vn 0.1255 -0.2641 0.9563
vn 0.8944 -0.3052 0.3269
vn -0.1540 -0.7990 0.5813
vn -0.9662 0.0987 0.2380
vn 0.9039 0.4023 0.1451
vn 0.3019 -0.9166 0.2619
vn -0.8012 -0.5672 0.1908
vn -0.5432 0.7571 0.3631
vn 0.1761 0.9372 0.3011
vn -0.5443 0.6605 0.5171
vn 0.2455 0.9376 0.2464
vn -0.2366 -0.8941 0.3802
vn 0.2393 -0.8660 0.4391
vn 0.3527 0.2579 0.8995
vn 0.2148 -0.6358 0.7414
vn -0.3774 -0.1291 0.9170
vn -0.2928 0.3484 0.8904
vn 0.1035 0.4327 0.8956
vn 0.3517 -0.1432 0.9251
vn -0.1600 -0.6912 0.7048
vn -0.3376 0.2802 0.8986
vn 0.4698 -0.8174 -0.3334
vn -0.2324 -0.9188 -0.3190
vn -0.6995 0.2072 -0.6840
vn 0.3270 0.5777 -0.7479
vn 0.7761 -0.4308 -0.4606
vn -0.6430 -0.5023 -0.5782
vn -0.3779 0.6265 -0.6817
vn 0.5600 0.2651 -0.7850
vn 0.2464 0.1202 -0.9617
vn -0.0776 0.3221 -0.9435
vn -0.0612 -0.1673 -0.9840
vn 0.0579 -0.1400 -0.9885
vn 0.1390 0.3906 -0.9100
vn -0.1557 0.0396 -0.9870
vn -0.0167 -0.1962 -0.9804
vn 0.0459 -0.1772 -0.9831
vn -0.0199 -0.2039 -0.9788
vn -0.4047 -0.8634 -0.3012
vn 0.2999 0.3968 0.8675
vn 0.5265 0.7308 0.4344
vn 0.5399 0.7892 0.2926
vn 0.0933 0.9919 0.0863
vn 0.0489 -0.1841 -0.9817
vn 0.2859 -0.8788 -0.3821
vn -0.1443 0.4042 0.9032
vn -0.2885 0.8982 0.3317
vn -0.1533 0.9305 0.3327
vn -0.4647 0.8790 0.1070
vn 0.8024 -0.5967 -0.0119
vn 0.8587 -0.2907 0.4220
vn 0.9488 0.0336 0.3139
vn 0.8974 0.4412 -0.0044
vn -0.9338 -0.3480 0.0837
vn -0.7310 -0.1379 0.6683
vn -0.8100 0.5114 0.2868
vn -0.9543 0.2556 0.1548
vn 0.8134 0.1837 -0.5520
vn 0.0975 -0.9942 -0.0459
vn -0.5863 -0.8100 -0.0152
vn -0.6105 0.1592 -0.7759
vn -0.0040 0.4356 -0.9001
vn 0.8607 -0.5058 -0.0590
vn -0.9675 -0.2505 -0.0335
vn -0.1287 0.2838 -0.9502
vn -0.8933 0.3101 -0.3254
vn 0.1500 0.7964 -0.5858
vn 0.9678 -0.0968 -0.2325
vn -0.9781 -0.1591 -0.1343
vn -0.2999 0.9091 -0.2892
vn 0.8160 0.5455 -0.1913
vn 0.5450 -0.7550 -0.3647
vn -0.1753 -0.9373 -0.3014
vn 0.4977 -0.6949 -0.5190
vn -0.2257 -0.8743 -0.4297
vn 0.2379 0.8949 -0.3775
vn -0.2386 0.8684 -0.4347
vn -0.4094 -0.2341 -0.8818
vn -0.2176 0.6953 -0.6850
vn 0.5354 0.0738 -0.8414
vn 0.3216 -0.5375 -0.7795
vn -0.1936 -0.6293 -0.7527
vn -0.4374 0.1435 -0.8878
vn 0.1545 0.7572 -0.6346
vn 0.4176 -0.2333 -0.8782
vn -0.4608 0.8069 0.3695
vn 0.2240 0.9081 0.3539
vn 0.6994 -0.2050 0.6847
vn -0.3250 -0.5721 0.7530
vn -0.7726 0.4231 0.4733
vn 0.6394 0.4974 0.5863
vn 0.3741 -0.6221 0.6878
vn -0.5360 -0.2691 0.8002
vn -0.1109 -0.0587 0.9921
vn -0.0459 -0.2260 0.9730
vn -0.0521 0.1191 0.9915
vn 0.0511 0.0846 0.9951
vn -0.0171 -0.2678 0.9633
vn 0.0333 0.0141 0.9993
vn -0.0226 0.0940 0.9953
vn -0.0069 0.0646 0.9979
vn -0.0227 0.1019 0.9945
vn 0.3968 0.8523 0.3408
vn -0.3057 -0.5860 -0.7504
vn -0.4581 -0.7766 -0.4325
vn -0.5314 -0.7963 -0.2891
vn -0.0892 -0.9924 -0.0850
vn -0.0097 0.0821 0.9966
vn -0.2796 0.8676 0.4112
vn 0.2447 -0.5837 -0.7743
vn 0.2595 -0.8369 -0.4819
vn 0.1519 -0.9308 -0.3324
vn 0.4622 -0.8805 -0.1057
vn -0.8239 0.5667 0.0028
vn -0.8548 0.2902 -0.4303
vn -0.8774 -0.1890 -0.4409
vn -0.8989 -0.4382 0.0059
vn 0.9326 0.3447 -0.1071
vn 0.7419 0.1306 -0.6577
vn 0.8122 -0.5092 -0.2848
vn 0.9528 -0.2607 -0.1555
vn -0.0547 0.0659 -0.9963
vn -0.1282 -0.0054 -0.9917
vn -0.3919 -0.5653 -0.7258
vn -0.5215 -0.7534 -0.4005
vn 0.4971 -0.8097 -0.3120
vn 0.6164 -0.5925 -0.5187
vn 0.1675 -0.2373 -0.9569
vn 0.0308 0.0195 -0.9993
vn 0.9199 -0.3039 -0.2478
vn -0.3280 -0.8016 0.4998
vn 0.0083 0.3780 0.9257
vn 0.4394 0.6390 0.6314
vn -0.2291 -0.0692 0.9709
vn -0.9782 -0.2053 -0.0298
vn -0.9527 -0.0396 -0.3012
vn 0.9254 0.1874 -0.3295
vn 0.9527 -0.2686 -0.1425
vn -0.8242 -0.5177 0.2297
vn 0.8569 -0.4459 0.2587
vn 0.9141 0.3982 -0.0765
vn -0.8474 0.5011 0.1757
vn -0.1160 0.3505 -0.9293
vn -0.5337 0.1690 -0.8286
vn -0.7474 -0.1216 -0.6532
vn -0.5568 -0.4528 -0.6964
vn 0.6152 -0.3624 -0.7001
vn 0.6752 -0.0811 -0.7332
vn 0.4540 0.2195 -0.8635
vn 0.2482 0.2700 -0.9303
vn -0.7134 -0.6009 0.3604
vn 0.6736 -0.6873 -0.2718
vn -0.6973 -0.6403 -0.3222
vn 0.5967 -0.5324 0.6004
vn -0.9363 -0.3428 -0.0761
vn 0.0195 0.0606 -0.9980
vn 0.0694 0.3393 -0.9381
vn -0.1558 0.0109 -0.9877
vn -0.2912 0.2516 -0.9230
vn 0.3123 -0.6252 -0.7152
vn -0.2243 0.1931 0.9552
vn 0.0603 -0.0778 -0.9951
vn 0.1723 -0.7683 0.6164
vn -0.5478 -0.6094 -0.5732
vn -0.4113 0.6750 0.6125
vn -0.2850 -0.1196 -0.9510
vn 0.1639 -0.4179 0.8936
vn -0.6612 0.3800 -0.6468
vn 0.5865 0.3826 0.7139
vn 0.2490 -0.9238 0.2909
vn -0.6456 -0.3809 -0.6619
vn -0.3098 0.9198 -0.2408
vn 0.2074 0.9232 0.3235
vn 0.6033 -0.3824 0.6999
vn -0.2695 -0.9231 -0.2744
vn -0.2695 -0.9231 -0.2744
vn 0.6033 -0.3824 0.6999
vn 0.2074 0.9232 0.3235
vn -0.3098 0.9198 -0.2408
vn -0.6456 -0.3809 -0.6619
vn 0.2490 -0.9238 0.2909
vn 0.5865 0.3826 0.7139
vn -0.6612 0.3800 -0.6468
vn -0.2695 -0.9231 -0.2744
vn 0.6033 -0.3824 0.6999
vn 0.2074 0.9232 0.3235
vn -0.3098 0.9198 -0.2408
vn -0.6456 -0.3809 -0.6619
vn 0.2490 -0.9238 0.2909
vn 0.5865 0.3826 0.7139
vn -0.6612 0.3800 -0.6468
vn 0.6612 0.3800 -0.6468
vn -0.5865 0.3826 0.7139
vn -0.2490 -0.9238 0.2909
vn 0.6456 -0.3809 -0.6619
vn 0.3098 0.9198 -0.2408
vn -0.2074 0.9232 0.3235
vn -0.6033 -0.3824 0.6999
vn 0.2695 -0.9231 -0.2744
vn 0.2695 -0.9231 -0.2744
vn -0.6033 -0.3824 0.6999
vn -0.2074 0.9232 0.3235
vn 0.3098 0.9198 -0.2408
vn 0.6456 -0.3809 -0.6619
vn -0.2490 -0.9238 0.2909
vn -0.5865 0.3826 0.7139
vn 0.6612 0.3800 -0.6468
vn 0.2695 -0.9231 -0.2744
vn -0.6033 -0.3824 0.6999
vn -0.2074 0.9232 0.3235
vn 0.3098 0.9198 -0.2408
vn 0.6456 -0.3809 -0.6619
vn -0.2490 -0.9238 0.2909
vn -0.5865 0.3826 0.7139
vn 0.6612 0.3800 -0.6468
vn 0.3910 -0.9143 -0.1057
vn 0.4125 -0.9093 -0.0559
vn 0.3869 -0.9121 -0.1356
vn 0.4303 -0.8928 -0.1331
vn 0.4125 -0.9093 -0.0559
vn 0.4281 -0.8976 -0.1044
vn 0.4007 -0.9152 -0.0422
vn 0.4125 -0.9093 -0.0559
vn 0.4106 -0.9104 -0.0505
vn 0.4125 -0.9093 -0.0559
vn 0.4125 -0.9093 -0.0559
vn 0.4125 -0.9093 -0.0559
vn 0.4123 -0.9089 -0.0621
vn 0.4125 -0.9093 -0.0558
vn 0.4125 -0.9093 -0.0559
vn 0.3969 -0.9169 -0.0413
vn 0.4094 -0.9108 -0.0531
vn 0.3978 -0.9166 -0.0405
vn 0.4073 -0.9117 -0.0532
vn 0.4125 -0.9093 -0.0559
vn 0.4008 -0.9151 -0.0441
vn 0.4125 -0.9093 -0.0559
vn 0.4125 -0.9093 -0.0559
vn 0.4124 -0.9090 -0.0610
vn -0.3910 -0.9143 -0.1057
vn -0.4125 -0.9093 -0.0559
vn -0.3869 -0.9121 -0.1356
vn -0.4303 -0.8928 -0.1331
vn -0.4125 -0.9093 -0.0559
vn -0.4281 -0.8976 -0.1044
vn -0.4007 -0.9152 -0.0422
vn -0.4125 -0.9093 -0.0559
vn -0.4106 -0.9104 -0.0505
vn -0.4125 -0.9093 -0.0559
vn -0.4125 -0.9093 -0.0559
vn -0.4125 -0.9093 -0.0559
vn -0.4123 -0.9089 -0.0621
vn -0.4125 -0.9093 -0.0558
vn -0.4125 -0.9093 -0.0559
vn -0.3969 -0.9169 -0.0413
vn -0.4094 -0.9108 -0.0531
vn -0.3978 -0.9166 -0.0405
vn -0.4073 -0.9117 -0.0532
vn -0.4125 -0.9093 -0.0559
vn -0.4008 -0.9151 -0.0441
vn -0.4125 -0.9093 -0.0559
vn -0.4125 -0.9093 -0.0559
vn -0.4124 -0.9090 -0.0610
vn 0.4210 -0.8668 0.2672
vn 0.4210 -0.8668 0.2672
vn 0.3966 -0.8720 0.2870
vn 0.4056 -0.8671 0.2892
vn 0.3801 -0.8718 0.3091
vn 0.3801 -0.8718 0.3091
vn 0.3804 -0.8717 0.3091
vn 0.3804 -0.8717 0.3090
vn 0.6585 -0.7073 0.2569
vn 0.6575 -0.7019 0.2739
vn 0.7414 -0.6273 0.2386
vn 0.7414 -0.6273 0.2384
vn -0.4210 -0.8668 0.2672
vn -0.4210 -0.8668 0.2672
vn -0.3966 -0.8720 0.2870
vn -0.4056 -0.8671 0.2892
vn -0.3801 -0.8718 0.3091
vn -0.3801 -0.8718 0.3091
vn -0.3804 -0.8717 0.3091
vn -0.3804 -0.8717 0.3090
vn -0.6586 -0.7073 0.2569
vn -0.6575 -0.7019 0.2739
vn -0.7414 -0.6273 0.2386
vn -0.7414 -0.6273 0.2384
vn 0.1178 -0.8561 -0.5032
vn 0.1178 -0.8561 -0.5032
vn 0.1178 -0.8561 -0.5032
vn 0.1178 -0.8561 -0.5032
vn 0.1178 -0.8561 -0.5032
vn 0.1176 -0.8562 -0.5030
vn 0.1134 -0.8590 -0.4992
vn 0.2223 -0.8057 -0.5491
vn 0.2468 -0.7527 -0.6103
vn 0.1177 -0.8561 -0.5031
vn 0.1177 -0.8562 -0.5031
vn 0.1178 -0.8561 -0.5032
vn 0.1178 -0.8561 -0.5032
vn 0.1178 -0.8561 -0.5032
vn 0.1178 -0.8561 -0.5032
vn 0.1178 -0.8561 -0.5032
vn 0.0784 -0.8788 -0.4706
vn 0.0782 -0.8789 -0.4706
vn -0.0811 -0.8788 -0.4702
vn -0.0811 -0.8788 -0.4702
vn 0.0811 -0.8788 -0.4702
vn 0.0811 -0.8788 -0.4702
vn 0.0811 -0.8789 -0.4701
vn 0.0811 -0.8788 -0.4702
vn 0.0779 -0.8788 -0.4707
vn -0.0811 -0.8788 -0.4702
vn -0.0811 -0.8789 -0.4701
vn -0.0811 -0.8788 -0.4702
vn -0.0811 -0.8789 -0.4701
vn -0.0812 -0.8788 -0.4703
vn -0.0811 -0.8789 -0.4701
vn 0.0786 -0.8789 -0.4706
vn -0.1178 -0.8561 -0.5032
vn -0.1178 -0.8561 -0.5032
vn -0.1178 -0.8561 -0.5032
vn -0.1178 -0.8561 -0.5032
vn -0.1178 -0.8561 -0.5032
vn -0.1178 -0.8561 -0.5032
vn -0.1178 -0.8561 -0.5032
vn -0.1180 -0.8567 -0.5021
vn -0.1156 -0.8573 -0.5017
vn -0.1206 -0.8537 -0.5066
vn -0.1244 -0.8535 -0.5061
vn -0.1178 -0.8561 -0.5032
vn -0.1178 -0.8561 -0.5032
vn -0.1178 -0.8561 -0.5032
vn -0.1178 -0.8561 -0.5032
vn -0.1178 -0.8561 -0.5032
vn -0.0811 -0.8788 -0.4702
vn -0.0811 -0.8788 -0.4702
vn 0.0788 -0.8804 -0.4677
vn 0.0788 -0.8791 -0.4701
vn -0.0811 -0.8789 -0.4702
vn -0.0811 -0.8788 -0.4702
vn -0.0811 -0.8788 -0.4702
vn 0.0516 0.5727 0.8182
vn -0.0811 -0.8788 -0.4702
vn 0.0791 -0.8774 -0.4732
vn -0.0512 0.5502 0.8335
vn 0.0811 -0.8788 -0.4702
vn 0.0811 -0.8788 -0.4702
vn 0.0811 -0.8788 -0.4702
vn 0.0790 -0.8809 -0.4666
vn -0.0811 -0.8789 -0.4701
vn 0.0811 -0.8788 -0.4702
vn 0.0811 -0.8788 -0.4702
vn 0.0811 -0.8788 -0.4702
vn 0.0811 -0.8788 -0.4702
vn 0.0811 -0.8788 -0.4702
vn 0.0811 -0.8788 -0.4702
vn 0.0811 -0.8789 -0.4702
vn -0.0256 0.8276 0.5608
vn 0.0800 0.8361 0.5427
vn 0.0812 -0.8788 -0.4702
vn 0.1031 -0.8770 -0.4693
vn 0.0815 -0.8787 -0.4703
vn 0.0868 -0.8763 -0.4738
vn 0.1039 -0.8671 -0.4872
vn 0.0812 -0.8788 -0.4702
vn 0.0811 -0.8788 -0.4702
vn 0.1178 -0.8561 -0.5032
vn 0.1160 -0.8573 -0.5016
vn 0.1042 -0.8651 -0.4907
vn 0.0838 -0.8769 -0.4733
vn 0.1178 -0.8561 -0.5032
vn 0.1178 -0.8561 -0.5032
vn 0.1178 -0.8561 -0.5032
vn 0.1144 -0.8583 -0.5002
vn 0.0834 -0.8775 -0.4723
vn 0.0811 -0.8788 -0.4702
vn 0.0811 -0.8788 -0.4702
vn 0.0811 -0.8789 -0.4702
vn 0.0812 -0.8788 -0.4703
vn 0.0907 -0.8705 -0.4837
vn 0.1176 -0.8563 -0.5030
vn 0.1178 -0.8561 -0.5032
vn -0.1178 -0.8561 -0.5032
vn -0.1120 -0.8606 -0.4968
vn -0.1178 -0.8561 -0.5032
vn -0.1178 -0.8561 -0.5032
vn -0.1060 -0.8663 -0.4882
vn -0.0965 -0.8673 -0.4883
vn -0.0816 -0.8784 -0.4710
vn -0.0814 -0.8779 -0.4718
vn -0.0904 -0.8743 -0.4768
vn -0.1128 -0.8583 -0.5006
vn -0.1218 -0.8531 -0.5073
vn -0.1178 -0.8561 -0.5032
vn -0.1178 -0.8561 -0.5032
vn -0.1178 -0.8561 -0.5032
vn -0.1178 -0.8561 -0.5032
vn -0.1178 -0.8561 -0.5032
vn -0.0843 -0.8779 -0.4714
vn -0.0816 -0.8787 -0.4703
vn -0.0811 -0.8788 -0.4702
vn -0.0811 -0.8789 -0.4702
vn -0.1178 -0.8561 -0.5032
vn -0.1177 -0.8562 -0.5031
vn -0.1171 -0.8565 -0.5027
vn -0.0992 -0.8672 -0.4880
vn -0.2354 -0.8234 -0.5164
vn -0.2412 0.8064 0.5399
vn 0.0178 0.8345 0.5506
vn -0.0811 -0.8788 -0.4702
vn -0.0811 -0.8788 -0.4702
vn -0.0811 -0.8788 -0.4702
vn -0.0811 -0.8788 -0.4702
vn -0.0954 -0.8724 -0.4793
vn -0.0811 -0.8788 -0.4702
vn -0.0811 -0.8789 -0.4701
vn -0.0811 -0.8788 -0.4702
vn -0.0811 -0.8788 -0.4702
vn -0.0916 -0.8740 -0.4773
vn -0.0811 -0.8788 -0.4702
vn -0.0811 -0.8788 -0.4702
vn -0.0810 -0.8789 -0.4701
vn -0.0810 -0.8789 -0.4701
vn -0.0810 -0.8789 -0.4701
vn -0.0810 -0.8789 -0.4700
vn -0.0811 -0.8788 -0.4702
vn -0.0811 -0.8788 -0.4702
vn -0.0864 -0.8738 -0.4785
vn -0.0903 -0.8715 -0.4820
vn -0.0924 -0.8717 -0.4813
vn -0.0811 -0.8788 -0.4702
vn -0.0811 -0.8788 -0.4702
vn 0.0791 -0.8801 -0.4681
vn 0.0777 -0.8800 -0.4687
vn -0.0678 -0.8744 -0.4804
vn -0.0811 -0.8788 -0.4702
vn -0.0811 -0.8788 -0.4702
vn -0.0811 -0.8788 -0.4703
vn -0.0811 -0.8787 -0.4704
vn 0.0736 -0.8747 -0.4790
vn 0.0801 -0.8727 -0.4816
vn 0.0811 -0.8788 -0.4702
vn 0.0811 -0.8788 -0.4702
vn 0.0675 -0.8742 -0.4809
vn 0.0793 -0.8802 -0.4679
vn -0.0811 -0.8788 -0.4702
vn 0.0811 -0.8788 -0.4702
vn 0.0811 -0.8788 -0.4702
vn 0.0811 -0.8789 -0.4702
vn 0.0811 -0.8788 -0.4702
vn 0.0730 -0.8556 -0.5124
vn 0.0811 -0.8788 -0.4702
vn 0.0811 -0.8789 -0.4702
vn 0.0785 -0.8739 -0.4797
vn 0.0764 -0.8761 -0.4760
vn 0.0747 -0.8786 -0.4716
vn 0.0736 -0.8806 -0.4681
vn 0.0811 -0.8789 -0.4702
vn 0.0811 -0.8788 -0.4702
vn 0.0765 -0.8846 -0.4601
vn 0.0811 -0.8788 -0.4702
vn 0.0843 -0.8556 -0.5108
vn 0.0811 -0.8788 -0.4702
vn 0.0811 -0.8789 -0.4702
vn 0.0811 -0.8788 -0.4702
vn 0.0811 -0.8788 -0.4702
vn 0.0812 -0.8789 -0.4701
vn 0.0811 -0.8788 -0.4702
vn 0.0811 -0.8788 -0.4702
vn 0.0736 -0.8844 -0.4610
vn 0.0742 -0.8849 -0.4599
vn 0.0752 -0.8853 -0.4588
vn 0.0767 -0.8857 -0.4579
vn 0.0811 -0.8788 -0.4702
vn 0.0811 -0.8788 -0.4702
vn 0.0811 -0.8788 -0.4702
vn 0.0811 -0.8788 -0.4702
vn 0.0811 -0.8788 -0.4702
vn -0.0811 -0.8788 -0.4702
vn -0.0811 -0.8788 -0.4702
vn -0.0811 -0.8788 -0.4702
vn -0.0811 -0.8788 -0.4702
vn -0.0807 -0.8789 -0.4701
vn -0.0811 -0.8788 -0.4702
vn -0.0812 -0.8789 -0.4701
vn -0.0811 -0.8790 -0.4700
vn -0.0811 -0.8789 -0.4700
vn -0.0810 -0.8789 -0.4700
vn -0.0810 -0.8789 -0.4700
vn -0.0811 -0.8788 -0.4702
vn -0.0811 -0.8788 -0.4702
vn -0.0885 -0.8766 -0.4730
vn -0.0847 -0.8783 -0.4705
vn -0.0821 -0.8791 -0.4694
vn -0.0811 -0.8788 -0.4702
vn -0.0811 -0.8788 -0.4702
vn -0.0811 -0.8788 -0.4702
vn -0.0811 -0.8789 -0.4702
vn -0.0829 -0.8768 -0.4737
vn -0.0811 -0.8788 -0.4702
vn -0.0811 -0.8789 -0.4701
vn -0.0810 -0.8788 -0.4702
vn -0.0811 -0.8789 -0.4702
vn -0.0811 -0.8788 -0.4702
vn -0.0811 -0.8788 -0.4703
vn -0.0811 -0.8788 -0.4702
vn -0.0811 -0.8788 -0.4702
vn -0.0651 -0.8640 -0.4993
vn -0.0652 -0.8667 -0.4945
vn -0.0810 -0.8595 -0.5046
vn 0.0811 -0.8788 -0.4702
vn 0.0811 -0.8788 -0.4702
vn 0.0811 -0.8788 -0.4702
vn 0.0811 -0.8788 -0.4702
vn 0.0666 -0.8935 -0.4442
vn 0.0811 -0.8788 -0.4702
vn 0.0811 -0.8788 -0.4702
vn 0.0732 -0.8816 -0.4662
vn 0.0731 -0.8825 -0.4646
vn 0.0731 -0.8832 -0.4632
vn 0.0733 -0.8838 -0.4621
vn 0.0811 -0.8789 -0.4701
vn 0.0811 -0.8789 -0.4702
vn 0.0813 -0.8788 -0.4702
vn 0.0813 -0.8787 -0.4703
vn 0.0742 -0.8676 -0.4916
vn 0.0720 -0.8787 -0.4719
vn 0.0488 -0.8799 -0.4727
vn -0.0811 -0.8788 -0.4702
vn -0.0811 -0.8788 -0.4702
vn 0.0811 -0.8788 -0.4702
vn 0.0811 -0.8788 -0.4702
vn 0.0806 -0.8789 -0.4702
vn 0.0721 -0.8855 -0.4591
vn -0.0264 -0.8833 -0.4681
vn -0.0811 -0.8790 -0.4700
vn -0.0811 -0.8790 -0.4699
vn -0.0811 -0.8788 -0.4702
vn -0.0811 -0.8788 -0.4702
vn -0.0811 -0.8788 -0.4702
vn -0.0811 -0.8788 -0.4702
vn 0.0768 -0.8788 -0.4709
vn 0.7034 -0.6536 -0.2794
vn 0.7034 -0.6536 -0.2794
vn 0.7034 -0.6536 -0.2794
vn 0.7034 -0.6536 -0.2794
vn 0.7034 -0.6536 -0.2794
vn 0.7034 -0.6536 -0.2794
vn 0.7034 -0.6536 -0.2794
vn 0.7034 -0.6536 -0.2794
vn 0.7034 -0.6536 -0.2794
vn 0.7034 -0.6536 -0.2794
vn 0.7034 -0.6536 -0.2794
vn 0.7034 -0.6536 -0.2794
vn 0.7034 -0.6536 -0.2794
vn 0.7034 -0.6536 -0.2794
vn 0.7034 -0.6536 -0.2794
vn 0.7034 -0.6536 -0.2794
vn 0.7034 -0.6536 -0.2794
vn 0.7034 -0.6536 -0.2794
vn 0.7034 -0.6536 -0.2794
vn 0.7034 -0.6536 -0.2794
vn 0.7034 -0.6536 -0.2794
vn 0.7034 -0.6536 -0.2794
vn 0.7034 -0.6536 -0.2794
vn 0.7034 -0.6536 -0.2794
vn -0.7034 -0.6536 -0.2794
vn -0.7034 -0.6536 -0.2794
vn -0.7034 -0.6536 -0.2794
vn -0.7034 -0.6536 -0.2794
vn -0.7034 -0.6536 -0.2794
vn -0.7034 -0.6536 -0.2794
vn -0.7034 -0.6536 -0.2794
vn -0.7034 -0.6536 -0.2794
vn -0.7034 -0.6536 -0.2794
vn -0.7034 -0.6536 -0.2794
vn -0.7034 -0.6536 -0.2794
vn -0.7034 -0.6536 -0.2794
vn -0.7034 -0.6536 -0.2794
vn -0.7034 -0.6536 -0.2794
vn -0.7034 -0.6536 -0.2794
vn -0.7034 -0.6536 -0.2794
vn -0.7034 -0.6536 -0.2794
vn -0.7034 -0.6536 -0.2794
vn -0.7034 -0.6536 -0.2794
vn -0.7034 -0.6536 -0.2794
vn -0.7034 -0.6536 -0.2794
vn -0.7034 -0.6536 -0.2794
vn -0.7034 -0.6536 -0.2794
vn -0.7034 -0.6536 -0.2794
vn 0.0000 -0.7875 0.6163
vn 0.0000 0.7875 -0.6163
vn 0.0000 0.6163 0.7875
vn 0.0000 0.7875 -0.6163
vn 0.0000 -0.7875 0.6163
vn 0.0000 -0.6163 -0.7875
vn 0.9910 0.0826 0.1056
vn -0.7337 0.4188 0.5351
vn -0.9518 -0.1890 -0.2416
vn 0.9518 -0.1890 -0.2416
vn 0.7337 0.4188 0.5351
vn 0.0000 0.6163 0.7875
vn -0.9910 0.0826 0.1056
vn 0.0000 -0.7875 0.6163
vn 0.0000 0.7875 -0.6163
vn -0.9910 0.0826 0.1056
vn 0.0000 -0.6163 -0.7875
vn 0.9910 0.0826 0.1056
vn 0.1862 0.8039 0.5648
vn 0.0162 0.8137 0.5810
vn 0.0067 0.7668 0.6419
vn 0.1741 0.7450 0.6440
vn -0.6388 0.2367 0.7320
vn -0.6894 0.1795 0.7018
vn -0.6799 0.1890 0.7085
vn -0.6531 0.2643 0.7096
vn 0.5206 -0.7935 0.3150
vn 0.7859 -0.3879 0.4816
vn 0.5512 0.0525 0.8327
vn 0.2466 -0.3330 0.9101
vn 0.4558 -0.1752 0.8727
vn 0.3701 -0.5435 0.7534
vn 0.3340 -0.4604 0.8225
vn 0.3582 -0.3482 0.8663
vn 0.6585 0.4201 0.6244
vn 0.4273 0.6357 0.6429
vn 0.4041 0.5841 0.7039
vn 0.5817 0.3864 0.7158
vn -0.4402 0.4530 0.7752
vn -0.5570 0.3189 0.7669
vn -0.5857 0.3610 0.7257
vn -0.4544 0.4946 0.7409
vn -0.0737 -0.7139 0.6964
vn -0.1012 -0.6993 0.7076
vn -0.2319 -0.4981 0.8355
vn -0.1595 -0.5098 0.8454
vn -0.7506 -0.0955 0.6539
vn -0.4490 -0.3718 0.8125
vn -0.2945 -0.1274 0.9471
vn -0.6020 0.1206 0.7894
vn 0.9841 0.1758 -0.0272
vn 0.9081 0.2861 0.3058
vn 0.7132 0.2634 0.6496
vn 0.7776 0.2507 0.5766
vn -0.0904 0.7488 0.6566
vn -0.2513 0.6295 0.7352
vn -0.2517 0.6409 0.7252
vn -0.0947 0.7248 0.6824
vn -0.6897 0.1478 0.7088
vn -0.6936 0.1074 0.7123
vn -0.6327 0.1540 0.7589
vn -0.6649 0.1476 0.7322
vn 0.9190 0.0634 0.3892
vn 0.9902 0.1262 0.0604
vn 0.7546 0.3207 0.5725
vn 0.6744 0.2917 0.6783
vn -0.6504 0.1227 0.7497
vn -0.5982 0.1324 0.7903
vn -0.5531 0.0452 0.8319
vn -0.6327 0.0693 0.7713
vn 0.5939 0.2843 0.7527
vn 0.6623 0.3137 0.6804
vn 0.6413 0.2421 0.7281
vn 0.5532 0.1795 0.8135
vn 0.1782 0.7231 0.6673
vn -0.0094 0.7513 0.6599
vn -0.0459 0.7467 0.6636
vn 0.1990 0.7107 0.6747
vn -0.6573 0.3096 0.6872
vn -0.6785 0.2029 0.7061
vn -0.6803 0.2223 0.6984
vn -0.6555 0.3867 0.6487
vn 0.1770 -0.2159 0.9602
vn 0.4665 0.1203 0.8763
vn 0.4157 0.0693 0.9069
vn 0.1517 -0.2049 0.9670
vn 0.3115 -0.3800 0.8709
vn 0.3008 -0.4199 0.8563
vn 0.2623 -0.4063 0.8753
vn 0.2750 -0.3748 0.8854
vn 0.5536 0.3896 0.7361
vn 0.4096 0.5584 0.7214
vn 0.4351 0.5308 0.7273
vn 0.5353 0.4085 0.7393
vn -0.4224 0.5613 0.7117
vn -0.5798 0.4325 0.6905
vn -0.5253 0.6040 0.5994
vn -0.2900 0.7248 0.6249
vn -0.1908 -0.4357 0.8797
vn -0.2539 -0.4623 0.8496
vn -0.2821 -0.4637 0.8399
vn -0.2302 -0.4191 0.8783
vn -0.5345 0.1537 0.8311
vn -0.2394 -0.0768 0.9679
vn -0.1886 -0.0995 0.9770
vn -0.4699 0.0877 0.8783
vn 0.6828 0.2689 0.6793
vn 0.6450 0.2880 0.7078
vn 0.6091 0.3490 0.7122
vn 0.6593 0.2922 0.6928
vn -0.1082 0.7134 0.6924
vn -0.2349 0.6564 0.7169
vn -0.1855 0.6897 0.6999
vn -0.1385 0.7016 0.6990
vn 0.9927 0.1017 -0.0655
vn 0.9927 0.1017 -0.0655
vn 0.9927 0.1017 -0.0655
vn 0.9927 0.1017 -0.0655
vn 0.9927 0.1017 -0.0655
vn 0.9927 0.1017 -0.0655
vn 0.9927 0.1017 -0.0655
vn 0.9927 0.1017 -0.0655
vn -0.9927 -0.1017 0.0655
vn -0.9927 -0.1017 0.0655
vn -0.9927 -0.1017 0.0655
vn -0.9927 -0.1017 0.0655
vn -0.9927 -0.1017 0.0655
vn -0.9927 -0.1017 0.0655
vn -0.9927 -0.1017 0.0655
vn -0.9927 -0.1017 0.0655
vn -0.1191 0.9165 -0.3819
vn -0.0212 -0.3869 -0.9219
vn 0.0992 -0.3745 0.9219
vn -0.0692 0.9216 0.3819
vn -0.0992 0.3745 -0.9219
vn 0.0692 -0.9216 -0.3819
vn 0.1191 -0.9165 0.3819
vn 0.0212 0.3869 0.9219
vn -0.9927 -0.1017 0.0655
vn -0.9927 -0.1017 0.0655
vn -0.9927 -0.1017 0.0655
vn -0.9927 -0.1017 0.0655
vn -0.9927 -0.1017 0.0655
vn -0.9927 -0.1017 0.0655
vn -0.9927 -0.1017 0.0655
vn -0.9927 -0.1017 0.0655
vn -0.9927 0.1017 -0.0655
vn -0.9927 0.1017 -0.0655
vn -0.9927 0.1017 -0.0655
vn -0.9927 0.1017 -0.0655
vn -0.9927 0.1017 -0.0655
vn -0.9927 0.1017 -0.0655
vn -0.9927 0.1017 -0.0655
vn -0.9927 0.1017 -0.0655
vn 0.9927 -0.1017 0.0655
vn 0.9927 -0.1017 0.0655
vn 0.9927 -0.1017 0.0655
vn 0.9927 -0.1017 0.0655
vn 0.9927 -0.1017 0.0655
vn 0.9927 -0.1017 0.0655
vn 0.9927 -0.1017 0.0655
vn 0.9927 -0.1017 0.0655
vn 0.1191 0.9165 -0.3819
vn 0.0212 -0.3869 -0.9219
vn -0.0992 -0.3745 0.9219
vn 0.0692 0.9216 0.3819
vn 0.0992 0.3745 -0.9219
vn -0.0692 -0.9216 -0.3819
vn -0.1191 -0.9165 0.3819
vn -0.0212 0.3869 0.9219
vn 0.9927 -0.1017 0.0655
vn 0.9927 -0.1017 0.0655
vn 0.9927 -0.1017 0.0655
vn 0.9927 -0.1017 0.0655
vn 0.9927 -0.1017 0.0655
vn 0.9927 -0.1017 0.0655
vn 0.9927 -0.1017 0.0655
vn 0.9927 -0.1017 0.0655
vn 0.5638 0.1424 0.8135
vn 0.5638 0.1424 0.8135
vn 0.6398 -0.2573 0.7242
vn 0.6398 -0.2573 0.7242
vn 0.6398 -0.2573 0.7242
vn 0.6398 -0.2573 0.7241
vn 0.6398 -0.2573 0.7241
vn 0.6444 -0.2575 0.7201
vn 0.6405 -0.2569 0.7237
vn 0.3929 -0.2364 0.8887
vn 0.6161 -0.2789 0.7366
vn 0.3651 -0.2552 0.8953
vn 0.6429 -0.2536 0.7227
vn 0.9579 -0.2860 -0.0240
vn 0.5541 -0.2538 0.7928
vn 0.0739 0.2010 -0.9768
vn 0.6398 -0.2573 0.7242
vn 0.6730 -0.3707 0.6400
vn 0.4536 -0.3606 0.8150
vn 0.6398 -0.2573 0.7242
vn 0.6398 -0.2573 0.7242
vn 0.8398 -0.4463 0.3091
vn 0.6398 -0.2573 0.7241
vn 0.7256 -0.4450 0.5249
vn 0.6398 -0.2573 0.7242
vn 0.6968 -0.4456 0.5621
vn 0.4948 -0.4627 0.7356
vn 0.6398 -0.2573 0.7242
vn 0.6398 -0.2573 0.7242
vn 0.5900 -0.4897 0.6419
vn 0.6398 -0.2573 0.7241
vn 0.4966 -0.4805 0.7228
vn 0.4977 -0.4804 0.7221
vn 0.6398 -0.2573 0.7242
vn 0.6398 -0.2573 0.7242
vn 0.4977 -0.4804 0.7221
vn 0.4977 -0.4804 0.7222
vn 0.6398 -0.2573 0.7242
vn 0.6398 -0.2573 0.7242
vn 0.4977 -0.4804 0.7221
vn 0.6398 -0.2573 0.7242
vn 0.4977 -0.4804 0.7222
vn 0.4977 -0.4804 0.7221
vn 0.6398 -0.2573 0.7242
vn 0.6398 -0.2573 0.7242
vn 0.4976 -0.4804 0.7222
vn 0.4977 -0.4804 0.7221
vn 0.6398 -0.2573 0.7242
vn 0.6398 -0.2573 0.7242
vn 0.4977 -0.4804 0.7221
vn 0.6398 -0.2573 0.7242
vn 0.6398 -0.2573 0.7242
vn 0.4977 -0.4804 0.7221
vn 0.4976 -0.4804 0.7222
vn 0.6398 -0.2573 0.7242
vn 0.4977 -0.4804 0.7221
vn 0.4977 -0.4804 0.7222
vn 0.6398 -0.2573 0.7242
vn 0.6398 -0.2573 0.7242
vn 0.4976 -0.4804 0.7222
vn 0.4977 -0.4804 0.7222
vn 0.6398 -0.2573 0.7242
vn 0.6398 -0.2573 0.7242
vn 0.4977 -0.4804 0.7221
vn 0.6398 -0.2573 0.7242
vn 0.4976 -0.4804 0.7222
vn 0.4977 -0.4804 0.7221
vn 0.6398 -0.2573 0.7242
vn 0.6398 -0.2573 0.7242
vn 0.4977 -0.4804 0.7221
vn 0.4977 -0.4804 0.7221
vn 0.6398 -0.2573 0.7241
vn 0.6398 -0.2573 0.7242
vn 0.4977 -0.4804 0.7221
vn 0.6011 -0.2610 0.7553
vn 0.4977 -0.4804 0.7222
vn 0.6420 -0.2653 0.7193
vn 0.4977 -0.4804 0.7221
vn 0.3770 -0.3184 0.8698
vn 0.4977 -0.4804 0.7222
vn 0.3270 -0.3165 0.8905
vn 0.4977 -0.4804 0.7221
vn -0.0203 -0.2480 0.9686
vn 0.4977 -0.4805 0.7221
vn 0.6843 -0.3701 0.6283
vn 0.4977 -0.4804 0.7222
vn 0.1730 -0.4008 0.8997
vn 0.5138 -0.4852 0.7076
vn 0.2605 -0.4082 0.8749
vn 0.7429 -0.4452 0.4999
vn 0.5172 -0.4683 0.7164
vn 0.6600 -0.4721 0.5845
vn 0.4967 -0.4808 0.7225
vn 0.4923 -0.4804 0.7259
vn 0.4976 -0.4804 0.7222
vn 0.4977 -0.4804 0.7221
vn 0.4976 -0.4805 0.7222
vn 0.4977 -0.4804 0.7221
vn 0.5638 0.1427 0.8135
vn 0.5638 0.1427 0.8135
vn 0.5637 0.1423 0.8136
vn 0.5637 0.1423 0.8136
vn 0.5637 0.1424 0.8136
vn 0.5638 0.1423 0.8136
usemtl mat0
f 57//48 58//48 10//48
f 10//48 9//48 57//48
f 59//49 60//49 14//49
f 14//49 13//49 59//49
f 61//50 59//50 13//50
f 13//50 2//50 61//50
f 62//51 63//51 1//51
f 1//51 6//51 62//51
f 58//52 64//52 5//52
f 5//52 10//52 58//52
f 60//53 57//53 9//53
f 9//53 14//53 60//53
f 63//54 61//54 2//54
f 2//54 1//54 63//54
f 64//55 62//55 6//55
f 6//55 5//55 64//55
f 85//70 86//70 82//70
f 82//70 81//70 85//70
f 87//71 88//71 80//71
f 80//71 79//71 87//71
f 89//72 87//72 79//72
f 79//72 76//72 89//72
f 90//73 91//73 75//73
f 75//73 84//73 90//73
f 92//74 93//74 78//74
f 78//74 77//74 92//74
f 88//75 92//75 77//75
f 77//75 80//75 88//75
f 91//76 89//76 76//76
f 76//76 75//76 91//76
f 93//77 85//77 81//77
f 81//77 78//77 93//77
f 94//78 95//78 85//78
f 85//78 93//78 94//78
f 95//79 96//79 86//79
f 86//79 85//79 95//79
f 97//80 98//80 87//80
f 87//80 89//80 97//80
f 99//81 100//81 91//81
f 91//81 90//81 99//81
f 101//82 94//82 93//82
f 93//82 92//82 101//82
f 102//83 103//83 101//83
f 101//83 92//83 102//83
f 100//84 97//84 89//84
f 89//84 91//84 100//84
f 104//85 105//85 98//85
f 98//85 106//85 104//85
f 107//86 108//86 88//86
f 88//86 87//86 107//86
f 103//87 104//87 106//87
f 106//87 101//87 103//87
f 105//88 107//88 87//88
f 87//88 98//88 105//88
f 109//89 110//89 106//89
f 106//89 98//89 109//89
f 111//90 109//90 98//90
f 98//90 97//90 111//90
f 112//91 113//91 100//91
f 100//91 99//91 112//91
f 114//92 115//92 94//92
f 94//92 101//92 114//92
f 110//93 114//93 101//93
f 101//93 106//93 110//93
f 113//94 111//94 97//94
f 97//94 100//94 113//94
f 115//95 116//95 95//95
f 95//95 94//95 115//95
f 116//96 117//96 96//96
f 96//96 95//96 116//96
f 118//97 119//97 104//97
f 104//97 103//97 118//97
f 120//98 121//98 102//98
f 102//98 108//98 120//98
f 121//99 118//99 103//99
f 103//99 102//99 121//99
f 119//100 122//100 105//100
f 105//100 104//100 119//100
f 123//101 120//101 108//101
f 108//101 107//101 123//101
f 122//102 123//102 107//102
f 107//102 105//102 122//102
f 124//103 125//103 118//103
f 118//103 121//103 124//103
f 126//104 127//104 122//104
f 122//104 119//104 126//104
f 128//105 129//105 120//105
f 120//105 123//105 128//105
f 127//106 128//106 123//106
f 123//106 122//106 127//106
f 125//107 126//107 119//107
f 119//107 118//107 125//107
f 129//108 124//108 121//108
f 121//108 120//108 129//108
f 130//109 131//109 132//109
f 133//110 134//110 132//110
f 135//111 136//111 132//111
f 134//112 135//112 132//112
f 131//113 133//113 132//113
f 136//114 130//114 132//114
f 108//115 102//115 92//115
f 92//115 88//115 108//115
f 137//116 138//116 139//116
f 139//116 140//116 137//116
f 141//117 142//117 143//117
f 143//117 144//117 141//117
f 145//118 146//118 147//118
f 147//118 148//118 145//118
f 146//119 149//119 150//119
f 150//119 147//119 146//119
f 151//120 137//120 140//120
f 140//120 152//120 151//120
f 142//121 151//121 152//121
f 152//121 143//121 142//121
f 153//122 141//122 144//122
f 144//122 154//122 153//122
f 155//123 156//123 157//123
f 157//123 158//123 155//123
f 159//124 160//124 161//124
f 161//124 162//124 159//124
f 163//125 164//125 165//125
f 165//125 166//125 163//125
f 167//126 163//126 166//126
f 166//126 168//126 167//126
f 160//127 155//127 158//127
f 158//127 161//127 160//127
f 164//128 169//128 170//128
f 170//128 165//128 164//128
f 169//129 171//129 172//129
f 172//129 170//129 169//129
f 156//130 167//130 168//130
f 168//130 157//130 156//130
f 173//131 174//131 169//131
f 169//131 164//131 173//131
f 174//132 175//132 171//132
f 171//132 169//132 174//132
f 176//133 177//133 167//133
f 167//133 156//133 176//133
f 178//134 176//134 156//134
f 156//134 155//134 178//134
f 179//135 180//135 160//135
f 160//135 159//135 179//135
f 181//136 173//136 164//136
f 164//136 163//136 181//136
f 177//137 181//137 163//137
f 163//137 167//137 177//137
f 180//138 178//138 155//138
f 155//138 160//138 180//138
f 182//139 183//139 177//139
f 177//139 176//139 182//139
f 184//140 182//140 176//140
f 176//140 178//140 184//140
f 185//141 186//141 180//141
f 180//141 179//141 185//141
f 187//142 188//142 173//142
f 173//142 181//142 187//142
f 183//143 187//143 181//143
f 181//143 177//143 183//143
f 186//144 184//144 178//144
f 178//144 180//144 186//144
f 188//145 189//145 174//145
f 174//145 173//145 188//145
f 189//146 190//146 175//146
f 175//146 174//146 189//146
f 191//147 192//147 188//147
f 188//147 187//147 191//147
f 193//148 191//148 187//148
f 187//148 183//148 193//148
f 194//149 195//149 184//149
f 184//149 186//149 194//149
f 192//150 196//150 189//150
f 189//150 188//150 192//150
f 196//151 197//151 190//151
f 190//151 189//151 196//151
f 198//152 193//152 183//152
f 183//152 182//152 198//152
f 195//153 198//153 182//153
f 182//153 184//153 195//153
f 199//154 194//154 186//154
f 186//154 185//154 199//154
f 200//155 201//155 202//155
f 202//155 203//155 200//155
f 204//156 205//156 206//156
f 206//156 207//156 204//156
f 208//157 209//157 210//157
f 210//157 211//157 208//157
f 209//158 212//158 213//158
f 213//158 210//158 209//158
f 214//159 200//159 203//159
f 203//159 215//159 214//159
f 205//160 214//160 215//160
f 215//160 206//160 205//160
f 216//161 204//161 207//161
f 207//161 217//161 216//161
f 201//162 208//162 211//162
f 211//162 202//162 201//162
f 202//163 211//163 192//163
f 192//163 191//163 202//163
f 217//164 207//164 194//164
f 194//164 199//164 217//164
f 206//165 215//165 198//165
f 198//165 195//165 206//165
f 215//166 203//166 193//166
f 193//166 198//166 215//166
f 210//167 213//167 197//167
f 197//167 196//167 210//167
f 211//168 210//168 196//168
f 196//168 192//168 211//168
f 207//169 206//169 195//169
f 195//169 194//169 207//169
f 203//170 202//170 191//170
f 191//170 193//170 203//170
f 130//175 136//175 129//175
f 129//175 128//175 130//175
f 133//176 131//176 127//176
f 127//176 126//176 133//176
f 135//177 134//177 125//177
f 125//177 124//177 135//177
f 136//178 135//178 124//178
f 124//178 129//178 136//178
f 134//179 133//179 126//179
f 126//179 125//179 134//179
f 131//180 130//180 128//180
f 128//180 127//180 131//180
f 138//181 145//181 148//181
f 148//181 139//181 138//181
f 157//182 168//182 137//182
f 137//182 151//182 157//182
f 170//183 172//183 149//183
f 149//183 146//183 170//183
f 165//184 170//184 146//184
f 146//184 145//184 165//184
f 161//185 158//185 142//185
f 142//185 141//185 161//185
f 168//186 166//186 138//186
f 138//186 137//186 168//186
f 166//187 165//187 145//187
f 145//187 138//187 166//187
f 162//188 161//188 141//188
f 141//188 153//188 162//188
f 158//189 157//189 151//189
f 151//189 142//189 158//189
f 139//190 148//190 115//190
f 115//190 114//190 139//190
f 154//191 144//191 113//191
f 113//191 112//191 154//191
f 143//192 152//192 109//192
f 109//192 111//192 143//192
f 152//193 140//193 110//193
f 110//193 109//193 152//193
f 147//194 150//194 117//194
f 117//194 116//194 147//194
f 148//195 147//195 116//195
f 116//195 115//195 148//195
f 144//196 143//196 111//196
f 111//196 113//196 144//196
f 140//197 139//197 114//197
f 114//197 110//197 140//197
f 276//246 228//246 231//246
f 231//246 277//246 276//246
f 278//247 232//247 235//247
f 235//247 279//247 278//247
f 280//248 223//248 232//248
f 232//248 278//248 280//248
f 281//249 227//249 220//249
f 220//249 282//249 281//249
f 277//250 231//250 224//250
f 224//250 283//250 277//250
f 279//251 235//251 228//251
f 228//251 276//251 279//251
f 282//252 220//252 223//252
f 223//252 280//252 282//252
f 283//253 224//253 227//253
f 227//253 281//253 283//253
f 297//268 296//268 82//268
f 82//268 86//268 297//268
f 298//269 294//269 295//269
f 295//269 299//269 298//269
f 300//270 291//270 294//270
f 294//270 298//270 300//270
f 90//271 84//271 290//271
f 290//271 301//271 90//271
f 302//272 292//272 293//272
f 293//272 303//272 302//272
f 299//273 295//273 292//273
f 292//273 302//273 299//273
f 301//274 290//274 291//274
f 291//274 300//274 301//274
f 303//275 293//275 296//275
f 296//275 297//275 303//275
f 304//276 303//276 297//276
f 297//276 305//276 304//276
f 305//277 297//277 86//277
f 86//277 96//277 305//277
f 306//278 300//278 298//278
f 298//278 307//278 306//278
f 99//279 90//279 301//279
f 301//279 308//279 99//279
f 309//280 302//280 303//280
f 303//280 304//280 309//280
f 310//281 302//281 309//281
f 309//281 311//281 310//281
f 308//282 301//282 300//282
f 300//282 306//282 308//282
f 312//283 313//283 307//283
f 307//283 314//283 312//283
f 315//284 298//284 299//284
f 299//284 316//284 315//284
f 311//285 309//285 313//285
f 313//285 312//285 311//285
f 314//286 307//286 298//286
f 298//286 315//286 314//286
f 317//287 307//287 313//287
f 313//287 318//287 317//287
f 319//288 306//288 307//288
f 307//288 317//288 319//288
f 112//289 99//289 308//289
f 308//289 320//289 112//289
f 321//290 309//290 304//290
f 304//290 322//290 321//290
f 318//291 313//291 309//291
f 309//291 321//291 318//291
f 320//292 308//292 306//292
f 306//292 319//292 320//292
f 322//293 304//293 305//293
f 305//293 323//293 322//293
f 323//294 305//294 96//294
f 96//294 117//294 323//294
f 324//295 311//295 312//295
f 312//295 325//295 324//295
f 326//296 316//296 310//296
f 310//296 327//296 326//296
f 327//297 310//297 311//297
f 311//297 324//297 327//297
f 325//298 312//298 314//298
f 314//298 328//298 325//298
f 329//299 315//299 316//299
f 316//299 326//299 329//299
f 328//300 314//300 315//300
f 315//300 329//300 328//300
f 330//301 327//301 324//301
f 324//301 331//301 330//301
f 332//302 325//302 328//302
f 328//302 333//302 332//302
f 334//303 329//303 326//303
f 326//303 335//303 334//303
f 333//304 328//304 329//304
f 329//304 334//304 333//304
f 331//305 324//305 325//305
f 325//305 332//305 331//305
f 335//306 326//306 327//306
f 327//306 330//306 335//306
f 336//307 337//307 338//307
f 339//308 337//308 340//308
f 341//309 337//309 342//309
f 340//310 337//310 341//310
f 338//311 337//311 339//311
f 342//312 337//312 336//312
f 316//313 299//313 302//313
f 302//313 310//313 316//313
f 343//314 344//314 345//314
f 345//314 346//314 343//314
f 347//315 348//315 349//315
f 349//315 350//315 347//315
f 351//316 352//316 353//316
f 353//316 354//316 351//316
f 354//317 353//317 150//317
f 150//317 149//317 354//317
f 355//318 356//318 344//318
f 344//318 343//318 355//318
f 350//319 349//319 356//319
f 356//319 355//319 350//319
f 153//320 154//320 348//320
f 348//320 347//320 153//320
f 357//321 358//321 359//321
f 359//321 360//321 357//321
f 159//322 162//322 361//322
f 361//322 362//322 159//322
f 363//323 364//323 365//323
f 365//323 366//323 363//323
f 367//324 368//324 364//324
f 364//324 363//324 367//324
f 362//325 361//325 358//325
f 358//325 357//325 362//325
f 366//326 365//326 369//326
f 369//326 370//326 366//326
f 370//327 369//327 172//327
f 172//327 171//327 370//327
f 360//328 359//328 368//328
f 368//328 367//328 360//328
f 371//329 366//329 370//329
f 370//329 372//329 371//329
f 372//330 370//330 171//330
f 171//330 175//330 372//330
f 373//331 360//331 367//331
f 367//331 374//331 373//331
f 375//332 357//332 360//332
f 360//332 373//332 375//332
f 179//333 159//333 362//333
f 362//333 376//333 179//333
f 377//334 363//334 366//334
f 366//334 371//334 377//334
f 374//335 367//335 363//335
f 363//335 377//335 374//335
f 376//336 362//336 357//336
f 357//336 375//336 376//336
f 378//337 373//337 374//337
f 374//337 379//337 378//337
f 380//338 375//338 373//338
f 373//338 378//338 380//338
f 185//339 179//339 376//339
f 376//339 381//339 185//339
f 382//340 377//340 371//340
f 371//340 383//340 382//340
f 379//341 374//341 377//341
f 377//341 382//341 379//341
f 381//342 376//342 375//342
f 375//342 380//342 381//342
f 383//343 371//343 372//343
f 372//343 384//343 383//343
f 384//344 372//344 175//344
f 175//344 190//344 384//344
f 385//345 382//345 383//345
f 383//345 386//345 385//345
f 387//346 379//346 382//346
f 382//346 385//346 387//346
f 388//347 381//347 380//347
f 380//347 389//347 388//347
f 386//348 383//348 384//348
f 384//348 390//348 386//348
f 390//349 384//349 190//349
f 190//349 197//349 390//349
f 391//350 378//350 379//350
f 379//350 387//350 391//350
f 389//351 380//351 378//351
f 378//351 391//351 389//351
f 199//352 185//352 381//352
f 381//352 388//352 199//352
f 392//353 393//353 394//353
f 394//353 395//353 392//353
f 396//354 397//354 398//354
f 398//354 399//354 396//354
f 400//355 401//355 402//355
f 402//355 403//355 400//355
f 403//356 402//356 213//356
f 213//356 212//356 403//356
f 404//357 405//357 393//357
f 393//357 392//357 404//357
f 399//358 398//358 405//358
f 405//358 404//358 399//358
f 216//359 217//359 397//359
f 397//359 396//359 216//359
f 395//360 394//360 401//360
f 401//360 400//360 395//360
f 394//361 385//361 386//361
f 386//361 401//361 394//361
f 217//362 199//362 388//362
f 388//362 397//362 217//362
f 398//363 389//363 391//363
f 391//363 405//363 398//363
f 405//364 391//364 387//364
f 387//364 393//364 405//364
f 402//365 390//365 197//365
f 197//365 213//365 402//365
f 401//366 386//366 390//366
f 390//366 402//366 401//366
f 397//367 388//367 389//367
f 389//367 398//367 397//367
f 393//368 387//368 385//368
f 385//368 394//368 393//368
f 336//373 334//373 335//373
f 335//373 342//373 336//373
f 339//374 332//374 333//374
f 333//374 338//374 339//374
f 341//375 330//375 331//375
f 331//375 340//375 341//375
f 342//376 335//376 330//376
f 330//376 341//376 342//376
f 340//377 331//377 332//377
f 332//377 339//377 340//377
f 338//378 333//378 334//378
f 334//378 336//378 338//378
f 346//379 345//379 352//379
f 352//379 351//379 346//379
f 359//380 355//380 343//380
f 343//380 368//380 359//380
f 369//381 354//381 149//381
f 149//381 172//381 369//381
f 365//382 351//382 354//382
f 354//382 369//382 365//382
f 361//383 347//383 350//383
f 350//383 358//383 361//383
f 368//384 343//384 346//384
f 346//384 364//384 368//384
f 364//385 346//385 351//385
f 351//385 365//385 364//385
f 162//386 153//386 347//386
f 347//386 361//386 162//386
f 358//387 350//387 355//387
f 355//387 359//387 358//387
f 345//388 321//388 322//388
f 322//388 352//388 345//388
f 154//389 112//389 320//389
f 320//389 348//389 154//389
f 349//390 319//390 317//390
f 317//390 356//390 349//390
f 356//391 317//391 318//391
f 318//391 344//391 356//391
f 353//392 323//392 117//392
f 117//392 150//392 353//392
f 352//393 322//393 323//393
f 323//393 353//393 352//393
f 348//394 320//394 319//394
f 319//394 349//394 348//394
f 344//395 318//395 321//395
f 321//395 345//395 344//395
usemtl mat1
f 41//24 42//24 43//24
f 43//24 44//24 41//24
f 45//25 46//25 47//25
f 47//25 48//25 45//25
f 49//26 50//26 51//26
f 51//26 52//26 49//26
f 53//27 41//27 44//27
f 44//27 54//27 53//27
f 42//28 45//28 48//28
f 48//28 43//28 42//28
f 46//29 55//29 56//29
f 56//29 47//29 46//29
f 55//30 49//30 52//30
f 52//30 56//30 55//30
f 50//31 53//31 54//31
f 54//31 51//31 50//31
f 51//32 54//32 35//32
f 35//32 36//32 51//32
f 56//33 52//33 33//33
f 33//33 34//33 56//33
f 47//34 56//34 34//34
f 34//34 39//34 47//34
f 43//35 48//35 40//35
f 40//35 37//35 43//35
f 54//36 44//36 38//36
f 38//36 35//36 54//36
f 52//37 51//37 36//37
f 36//37 33//37 52//37
f 48//38 47//38 39//38
f 39//38 40//38 48//38
f 44//39 43//39 37//39
f 37//39 38//39 44//39
f 260//222 261//222 262//222
f 262//222 263//222 260//222
f 264//223 265//223 266//223
f 266//223 267//223 264//223
f 268//224 269//224 270//224
f 270//224 271//224 268//224
f 272//225 273//225 261//225
f 261//225 260//225 272//225
f 263//226 262//226 265//226
f 265//226 264//226 263//226
f 267//227 266//227 274//227
f 274//227 275//227 267//227
f 275//228 274//228 269//228
f 269//228 268//228 275//228
f 271//229 270//229 273//229
f 273//229 272//229 271//229
f 270//230 255//230 254//230
f 254//230 273//230 270//230
f 274//231 253//231 252//231
f 252//231 269//231 274//231
f 266//232 258//232 253//232
f 253//232 274//232 266//232
f 262//233 256//233 259//233
f 259//233 265//233 262//233
f 273//234 254//234 257//234
f 257//234 261//234 273//234
f 269//235 252//235 255//235
f 255//235 270//235 269//235
f 265//236 259//236 258//236
f 258//236 266//236 265//236
f 261//237 257//237 256//237
f 256//237 262//237 261//237
f 406//397 407//397 408//397
f 408//397 409//397 406//397
f 410//398 406//398 409//398
f 409//398 411//398 410//398
f 412//399 410//399 411//399
f 411//399 413//399 412//399
f 414//400 415//400 407//400
f 407//400 406//400 414//400
f 416//401 414//401 406//401
f 406//401 410//401 416//401
f 417//402 416//402 410//402
f 410//402 412//402 417//402
f 418//403 419//403 415//403
f 415//403 414//403 418//403
f 420//404 418//404 414//404
f 414//404 416//404 420//404
f 421//405 420//405 416//405
f 416//405 417//405 421//405
f 422//406 412//406 413//406
f 413//406 423//406 422//406
f 424//407 417//407 412//407
f 412//407 422//407 424//407
f 425//408 424//408 422//408
f 422//408 426//408 425//408
f 427//409 425//409 426//409
f 426//409 428//409 427//409
f 429//410 421//410 417//410
f 417//410 424//410 429//410
f 430//411 429//411 424//411
f 424//411 425//411 430//411
f 431//412 430//412 425//412
f 425//412 427//412 431//412
f 432//413 427//413 433//413
f 433//413 434//413 432//413
f 435//414 432//414 436//414
f 436//414 437//414 435//414
f 438//415 435//415 439//415
f 439//415 440//415 438//415
f 441//416 431//416 427//416
f 427//416 432//416 441//416
f 442//417 441//417 432//417
f 432//417 435//417 442//417
f 443//418 442//418 435//418
f 435//418 438//418 443//418
f 407//419 444//419 445//419
f 445//419 408//419 407//419
f 446//420 438//420 440//420
f 440//420 447//420 446//420
f 448//421 446//421 447//421
f 447//421 444//421 448//421
f 415//422 448//422 444//422
f 444//422 407//422 415//422
f 449//423 443//423 438//423
f 438//423 446//423 449//423
f 450//424 449//424 446//424
f 446//424 448//424 450//424
f 419//425 450//425 448//425
f 448//425 415//425 419//425
f 409//426 408//426 445//426
f 445//426 451//426 409//426
f 411//427 409//427 451//427
f 451//427 452//427 411//427
f 413//428 411//428 452//428
f 452//428 423//428 413//428
f 453//429 450//429 419//429
f 419//429 418//429 453//429
f 454//430 453//430 418//430
f 418//430 420//430 454//430
f 429//431 454//431 420//431
f 420//431 421//431 429//431
f 455//432 449//432 450//432
f 450//432 453//432 455//432
f 456//433 455//433 453//433
f 453//433 454//433 456//433
f 430//434 456//434 454//434
f 454//434 429//434 430//434
f 442//435 443//435 449//435
f 449//435 455//435 442//435
f 441//436 442//436 455//436
f 455//436 456//436 441//436
f 431//437 441//437 456//437
f 456//437 430//437 431//437
f 434//438 433//438 457//438
f 457//438 458//438 434//438
f 440//439 439//439 459//439
f 459//439 460//439 440//439
f 461//440 462//440 463//440
f 463//440 464//440 461//440
f 465//441 466//441 462//441
f 462//441 461//441 465//441
f 467//442 468//442 469//442
f 469//442 470//442 467//442
f 471//443 472//443 473//443
f 473//443 474//443 471//443
f 437//444 436//444 475//444
f 475//444 476//444 437//444
f 464//445 463//445 477//445
f 477//445 478//445 464//445
f 474//446 473//446 468//446
f 468//446 467//446 474//446
f 479//447 480//447 481//447
f 481//447 482//447 479//447
f 483//448 484//448 480//448
f 480//448 479//448 483//448
f 485//449 486//449 484//449
f 484//449 483//449 485//449
f 487//450 479//450 482//450
f 482//450 488//450 487//450
f 489//451 483//451 479//451
f 479//451 487//451 489//451
f 490//452 485//452 483//452
f 483//452 489//452 490//452
f 491//453 487//453 488//453
f 488//453 492//453 491//453
f 493//454 489//454 487//454
f 487//454 491//454 493//454
f 494//455 490//455 489//455
f 489//455 493//455 494//455
f 495//456 496//456 486//456
f 486//456 485//456 495//456
f 497//457 495//457 485//457
f 485//457 490//457 497//457
f 498//458 499//458 495//458
f 495//458 497//458 498//458
f 500//459 501//459 499//459
f 499//459 498//459 500//459
f 502//460 497//460 490//460
f 490//460 494//460 502//460
f 503//461 498//461 497//461
f 497//461 502//461 503//461
f 504//462 500//462 498//462
f 498//462 503//462 504//462
f 505//463 506//463 507//463
f 507//463 500//463 505//463
f 508//464 509//464 510//464
f 510//464 505//464 508//464
f 511//465 512//465 513//465
f 513//465 508//465 511//465
f 514//466 505//466 500//466
f 500//466 504//466 514//466
f 515//467 508//467 505//467
f 505//467 514//467 515//467
f 516//468 511//468 508//468
f 508//468 515//468 516//468
f 482//469 481//469 517//469
f 517//469 518//469 482//469
f 519//470 520//470 512//470
f 512//470 511//470 519//470
f 521//471 518//471 520//471
f 520//471 519//471 521//471
f 488//472 482//472 518//472
f 518//472 521//472 488//472
f 522//473 519//473 511//473
f 511//473 516//473 522//473
f 523//474 521//474 519//474
f 519//474 522//474 523//474
f 492//475 488//475 521//475
f 521//475 523//475 492//475
f 480//476 524//476 517//476
f 517//476 481//476 480//476
f 484//477 525//477 524//477
f 524//477 480//477 484//477
f 486//478 496//478 525//478
f 525//478 484//478 486//478
f 526//479 491//479 492//479
f 492//479 523//479 526//479
f 527//480 493//480 491//480
f 491//480 526//480 527//480
f 502//481 494//481 493//481
f 493//481 527//481 502//481
f 528//482 526//482 523//482
f 523//482 522//482 528//482
f 529//483 527//483 526//483
f 526//483 528//483 529//483
f 503//484 502//484 527//484
f 527//484 529//484 503//484
f 515//485 528//485 522//485
f 522//485 516//485 515//485
f 514//486 529//486 528//486
f 528//486 515//486 514//486
f 504//487 503//487 529//487
f 529//487 514//487 504//487
f 506//488 530//488 531//488
f 531//488 507//488 506//488
f 512//489 532//489 533//489
f 533//489 513//489 512//489
f 534//490 535//490 536//490
f 536//490 537//490 534//490
f 538//491 534//491 537//491
f 537//491 539//491 538//491
f 540//492 541//492 542//492
f 542//492 543//492 540//492
f 544//493 545//493 546//493
f 546//493 547//493 544//493
f 509//494 548//494 549//494
f 549//494 510//494 509//494
f 535//495 550//495 551//495
f 551//495 536//495 535//495
f 545//496 540//496 543//496
f 543//496 546//496 545//496
f 496//497 495//497 422//497
f 422//497 423//497 496//497
f 495//498 499//498 426//498
f 426//498 422//498 495//498
f 499//499 501//499 428//499
f 428//499 426//499 499//499
f 501//500 500//500 427//500
f 427//500 428//500 501//500
f 531//501 530//501 458//501
f 458//501 457//501 531//501
f 549//502 548//502 476//502
f 476//502 475//502 549//502
f 533//503 532//503 460//503
f 460//503 459//503 533//503
f 506//504 505//504 432//504
f 432//504 434//504 506//504
f 509//505 508//505 435//505
f 435//505 437//505 509//505
f 512//506 520//506 447//506
f 447//506 440//506 512//506
f 518//507 517//507 445//507
f 445//507 444//507 518//507
f 520//508 518//508 444//508
f 444//508 447//508 520//508
f 500//509 507//509 433//509
f 433//509 427//509 500//509
f 505//510 510//510 436//510
f 436//510 432//510 505//510
f 517//511 524//511 451//511
f 451//511 445//511 517//511
f 508//512 513//512 439//512
f 439//512 435//512 508//512
f 524//513 525//513 452//513
f 452//513 451//513 524//513
f 525//514 496//514 423//514
f 423//514 452//514 525//514
f 530//515 506//515 434//515
f 434//515 458//515 530//515
f 507//516 531//516 457//516
f 457//516 433//516 507//516
f 513//517 533//517 459//517
f 459//517 439//517 513//517
f 551//518 550//518 478//518
f 478//518 477//518 551//518
f 535//519 534//519 461//519
f 461//519 464//519 535//519
f 536//520 551//520 477//520
f 477//520 463//520 536//520
f 538//521 539//521 466//521
f 466//521 465//521 538//521
f 534//522 538//522 465//522
f 465//522 461//522 534//522
f 539//523 537//523 462//523
f 462//523 466//523 539//523
f 542//524 541//524 470//524
f 470//524 469//524 542//524
f 541//525 540//525 467//525
f 467//525 470//525 541//525
f 543//526 542//526 469//526
f 469//526 468//526 543//526
f 544//527 547//527 472//527
f 472//527 471//527 544//527
f 540//528 545//528 474//528
f 474//528 467//528 540//528
f 547//529 546//529 473//529
f 473//529 472//529 547//529
f 548//530 509//530 437//530
f 437//530 476//530 548//530
f 510//531 549//531 475//531
f 475//531 436//531 510//531
f 550//532 535//532 464//532
f 464//532 478//532 550//532
f 537//533 536//533 463//533
f 463//533 462//533 537//533
f 545//534 544//534 471//534
f 471//534 474//534 545//534
f 546//535 543//535 468//535
f 468//535 473//535 546//535
f 532//536 512//536 440//536
f 440//536 460//536 532//536
f 616//601 617//601 618//601
f 618//601 619//601 616//601
f 620//602 621//602 622//602
f 622//602 623//602 620//602
f 624//603 625//603 626//603
f 626//603 627//603 624//603
f 619//604 618//604 628//604
f 628//604 629//604 619//604
f 623//605 622//605 617//605
f 617//605 616//605 623//605
f 627//606 626//606 621//606
f 621//606 620//606 627//606
f 630//607 631//607 625//607
f 625//607 624//607 630//607
f 629//608 628//608 631//608
f 631//608 630//608 629//608
f 632//609 633//609 619//609
f 619//609 629//609 632//609
f 634//610 635//610 623//610
f 623//610 616//610 634//610
f 636//611 637//611 627//611
f 627//611 620//611 636//611
f 638//612 639//612 630//612
f 630//612 624//612 638//612
f 639//613 632//613 629//613
f 629//613 630//613 639//613
f 633//614 634//614 616//614
f 616//614 619//614 633//614
f 635//615 636//615 620//615
f 620//615 623//615 635//615
f 637//616 638//616 624//616
f 624//616 627//616 637//616
f 640//617 641//617 636//617
f 636//617 635//617 640//617
f 642//618 643//618 638//618
f 638//618 637//618 642//618
f 644//619 645//619 633//619
f 633//619 632//619 644//619
f 646//620 640//620 635//620
f 635//620 634//620 646//620
f 641//621 642//621 637//621
f 637//621 636//621 641//621
f 643//622 647//622 639//622
f 639//622 638//622 643//622
f 647//623 644//623 632//623
f 632//623 639//623 647//623
f 645//624 646//624 634//624
f 634//624 633//624 645//624
f 648//625 649//625 647//625
f 647//625 643//625 648//625
f 649//626 650//626 644//626
f 644//626 647//626 649//626
f 651//627 652//627 646//627
f 646//627 645//627 651//627
f 653//628 654//628 641//628
f 641//628 640//628 653//628
f 655//629 648//629 643//629
f 643//629 642//629 655//629
f 650//630 651//630 645//630
f 645//630 644//630 650//630
f 652//631 653//631 640//631
f 640//631 646//631 652//631
f 654//632 655//632 642//632
f 642//632 641//632 654//632
f 656//633 657//633 658//633
f 659//634 656//634 658//634
f 660//635 661//635 658//635
f 662//636 663//636 658//636
f 657//637 664//637 658//637
f 661//638 659//638 658//638
f 663//639 660//639 658//639
f 664//640 662//640 658//640
f 662//641 664//641 655//641
f 655//641 654//641 662//641
f 660//642 663//642 653//642
f 653//642 652//642 660//642
f 659//643 661//643 651//643
f 651//643 650//643 659//643
f 664//644 657//644 648//644
f 648//644 655//644 664//644
f 663//645 662//645 654//645
f 654//645 653//645 663//645
f 661//646 660//646 652//646
f 652//646 651//646 661//646
f 656//647 659//647 650//647
f 650//647 649//647 656//647
f 657//648 656//648 649//648
f 649//648 648//648 657//648
f 665//649 666//649 667//649
f 667//649 668//649 665//649
f 669//650 670//650 671//650
f 671//650 672//650 669//650
f 673//651 674//651 675//651
f 675//651 676//651 673//651
f 666//652 677//652 678//652
f 678//652 667//652 666//652
f 670//653 665//653 668//653
f 668//653 671//653 670//653
f 674//654 669//654 672//654
f 672//654 675//654 674//654
f 679//655 673//655 676//655
f 676//655 680//655 679//655
f 677//656 679//656 680//656
f 680//656 678//656 677//656
f 681//657 677//657 666//657
f 666//657 682//657 681//657
f 683//658 665//658 670//658
f 670//658 684//658 683//658
f 685//659 669//659 674//659
f 674//659 686//659 685//659
f 687//660 673//660 679//660
f 679//660 688//660 687//660
f 688//661 679//661 677//661
f 677//661 681//661 688//661
f 682//662 666//662 665//662
f 665//662 683//662 682//662
f 684//663 670//663 669//663
f 669//663 685//663 684//663
f 686//664 674//664 673//664
f 673//664 687//664 686//664
f 689//665 684//665 685//665
f 685//665 690//665 689//665
f 691//666 686//666 687//666
f 687//666 692//666 691//666
f 693//667 681//667 682//667
f 682//667 694//667 693//667
f 695//668 683//668 684//668
f 684//668 689//668 695//668
f 690//669 685//669 686//669
f 686//669 691//669 690//669
f 692//670 687//670 688//670
f 688//670 696//670 692//670
f 696//671 688//671 681//671
f 681//671 693//671 696//671
f 694//672 682//672 683//672
f 683//672 695//672 694//672
f 697//673 692//673 696//673
f 696//673 698//673 697//673
f 698//674 696//674 693//674
f 693//674 699//674 698//674
f 700//675 694//675 695//675
f 695//675 701//675 700//675
f 702//676 689//676 690//676
f 690//676 703//676 702//676
f 704//677 691//677 692//677
f 692//677 697//677 704//677
f 699//678 693//678 694//678
f 694//678 700//678 699//678
f 701//679 695//679 689//679
f 689//679 702//679 701//679
f 703//680 690//680 691//680
f 691//680 704//680 703//680
f 705//681 706//681 707//681
f 708//682 706//682 705//682
f 709//683 706//683 710//683
f 711//684 706//684 712//684
f 707//685 706//685 713//685
f 710//686 706//686 708//686
f 712//687 706//687 709//687
f 713//688 706//688 711//688
f 711//689 703//689 704//689
f 704//689 713//689 711//689
f 709//690 701//690 702//690
f 702//690 712//690 709//690
f 708//691 699//691 700//691
f 700//691 710//691 708//691
f 713//692 704//692 697//692
f 697//692 707//692 713//692
f 712//693 702//693 703//693
f 703//693 711//693 712//693
f 710//694 700//694 701//694
f 701//694 709//694 710//694
f 705//695 698//695 699//695
f 699//695 708//695 705//695
f 707//696 697//696 698//696
f 698//696 705//696 707//696
f 884//871 885//871 886//871
f 886//871 887//871 884//871
f 888//872 889//872 890//872
f 890//872 891//872 888//872
f 892//873 893//873 894//873
f 894//873 895//873 892//873
f 885//874 896//874 897//874
f 897//874 886//874 885//874
f 898//875 884//875 887//875
f 887//875 899//875 898//875
f 889//876 898//876 899//876
f 899//876 890//876 889//876
f 893//877 888//877 891//877
f 891//877 894//877 893//877
f 896//878 892//878 895//878
f 895//878 897//878 896//878
f 900//879 901//879 902//879
f 902//879 903//879 900//879
f 904//880 905//880 906//880
f 906//880 907//880 904//880
f 908//881 909//881 910//881
f 910//881 911//881 908//881
f 909//882 912//882 913//882
f 913//882 910//882 909//882
f 914//883 900//883 903//883
f 903//883 915//883 914//883
f 901//884 904//884 907//884
f 907//884 902//884 901//884
f 905//885 908//885 911//885
f 911//885 906//885 905//885
f 912//886 914//886 915//886
f 915//886 913//886 912//886
f 916//895 917//895 918//895
f 918//895 919//895 916//895
f 920//896 921//896 922//896
f 922//896 923//896 920//896
f 924//897 925//897 926//897
f 926//897 927//897 924//897
f 919//898 918//898 928//898
f 928//898 929//898 919//898
f 930//899 931//899 917//899
f 917//899 916//899 930//899
f 923//900 922//900 931//900
f 931//900 930//900 923//900
f 927//901 926//901 921//901
f 921//901 920//901 927//901
f 929//902 928//902 925//902
f 925//902 924//902 929//902
f 932//903 933//903 934//903
f 934//903 935//903 932//903
f 936//904 937//904 938//904
f 938//904 939//904 936//904
f 940//905 941//905 942//905
f 942//905 943//905 940//905
f 943//906 942//906 944//906
f 944//906 945//906 943//906
f 946//907 947//907 933//907
f 933//907 932//907 946//907
f 935//908 934//908 937//908
f 937//908 936//908 935//908
f 939//909 938//909 941//909
f 941//909 940//909 939//909
f 945//910 944//910 947//910
f 947//910 946//910 945//910
f 1379//1295 1380//1295 1381//1295
f 1381//1295 1382//1295 1379//1295
f 1383//1296 1384//1296 1385//1296
f 1385//1296 1386//1296 1383//1296
f 1380//1297 1379//1297 1387//1297
f 1387//1297 1388//1297 1380//1297
f 1387//1298 1384//1298 1383//1298
f 1383//1298 1388//1298 1387//1298
f 1382//1299 1381//1299 1389//1299
f 1389//1299 1390//1299 1382//1299
f 1391//1300 1392//1300 1393//1300
f 1393//1300 1394//1300 1391//1300
f 1394//1301 1393//1301 1385//1301
f 1385//1301 1390//1301 1394//1301
f 1381//1302 1380//1302 1388//1302
f 1388//1302 1383//1302 1381//1302
f 1389//1303 1381//1303 1383//1303
f 1383//1303 1386//1303 1389//1303
f 1382//1304 1390//1304 1385//1304
f 1385//1304 1384//1304 1382//1304
f 1379//1305 1382//1305 1384//1305
f 1384//1305 1387//1305 1379//1305
f 1395//1306 1396//1306 1386//1306
f 1386//1306 1385//1306 1395//1306
f 1392//1307 1391//1307 1389//1307
f 1389//1307 1386//1307 1392//1307
f 1391//1308 1394//1308 1390//1308
f 1390//1308 1389//1308 1391//1308
f 1397//1309 1398//1309 1396//1309
f 1396//1309 1395//1309 1397//1309
f 1396//1310 1398//1310 1392//1310
f 1392//1310 1386//1310 1396//1310
f 1398//1311 1397//1311 1393//1311
f 1393//1311 1392//1311 1398//1311
f 1397//1312 1395//1312 1385//1312
f 1385//1312 1393//1312 1397//1312
f 1399//1313 1400//1313 1401//1313
f 1401//1313 1402//1313 1399//1313
f 1403//1314 1399//1314 1402//1314
f 1402//1314 1404//1314 1403//1314
f 1405//1315 1406//1315 1399//1315
f 1399//1315 1403//1315 1405//1315
f 1406//1316 1407//1316 1400//1316
f 1400//1316 1399//1316 1406//1316
f 1408//1317 1409//1317 1410//1317
f 1410//1317 1411//1317 1408//1317
f 1412//1318 1408//1318 1411//1318
f 1411//1318 1413//1318 1412//1318
f 1414//1319 1415//1319 1408//1319
f 1408//1319 1412//1319 1414//1319
f 1415//1320 1416//1320 1409//1320
f 1409//1320 1408//1320 1415//1320
f 1417//1321 1418//1321 1419//1321
f 1419//1321 1420//1321 1417//1321
f 1421//1322 1417//1322 1420//1322
f 1420//1322 1422//1322 1421//1322
f 1423//1323 1424//1323 1417//1323
f 1417//1323 1421//1323 1423//1323
f 1424//1324 1425//1324 1418//1324
f 1418//1324 1417//1324 1424//1324
f 1426//1325 1427//1325 1428//1325
f 1428//1325 1429//1325 1426//1325
f 1430//1326 1426//1326 1429//1326
f 1429//1326 1431//1326 1430//1326
f 1432//1327 1433//1327 1426//1327
f 1426//1327 1430//1327 1432//1327
f 1433//1328 1434//1328 1427//1328
f 1427//1328 1426//1328 1433//1328
f 1435//1329 1436//1329 1437//1329
f 1437//1329 1438//1329 1435//1329
f 1400//1330 1435//1330 1438//1330
f 1438//1330 1401//1330 1400//1330
f 1407//1331 1439//1331 1435//1331
f 1435//1331 1400//1331 1407//1331
f 1439//1332 1440//1332 1436//1332
f 1436//1332 1435//1332 1439//1332
f 1441//1333 1442//1333 1443//1333
f 1443//1333 1444//1333 1441//1333
f 1409//1334 1441//1334 1444//1334
f 1444//1334 1410//1334 1409//1334
f 1416//1335 1445//1335 1441//1335
f 1441//1335 1409//1335 1416//1335
f 1445//1336 1446//1336 1442//1336
f 1442//1336 1441//1336 1445//1336
f 1447//1337 1430//1337 1431//1337
f 1431//1337 1448//1337 1447//1337
f 1418//1338 1447//1338 1448//1338
f 1448//1338 1419//1338 1418//1338
f 1425//1339 1449//1339 1447//1339
f 1447//1339 1418//1339 1425//1339
f 1449//1340 1432//1340 1430//1340
f 1430//1340 1447//1340 1449//1340
f 1450//1341 1451//1341 1452//1341
f 1452//1341 1453//1341 1450//1341
f 1427//1342 1450//1342 1453//1342
f 1453//1342 1428//1342 1427//1342
f 1434//1343 1454//1343 1450//1343
f 1450//1343 1427//1343 1434//1343
f 1454//1344 1455//1344 1451//1344
f 1451//1344 1450//1344 1454//1344
f 1456//1345 1457//1345 1458//1345
f 1458//1345 1459//1345 1456//1345
f 1436//1346 1456//1346 1459//1346
f 1459//1346 1437//1346 1436//1346
f 1440//1347 1460//1347 1456//1347
f 1456//1347 1436//1347 1440//1347
f 1460//1348 1461//1348 1457//1348
f 1457//1348 1456//1348 1460//1348
f 1462//1349 1403//1349 1404//1349
f 1404//1349 1463//1349 1462//1349
f 1442//1350 1462//1350 1463//1350
f 1463//1350 1443//1350 1442//1350
f 1446//1351 1464//1351 1462//1351
f 1462//1351 1442//1351 1446//1351
f 1464//1352 1405//1352 1403//1352
f 1403//1352 1462//1352 1464//1352
f 1465//1353 1412//1353 1413//1353
f 1413//1353 1466//1353 1465//1353
f 1451//1354 1465//1354 1466//1354
f 1466//1354 1452//1354 1451//1354
f 1455//1355 1467//1355 1465//1355
f 1465//1355 1451//1355 1455//1355
f 1467//1356 1414//1356 1412//1356
f 1412//1356 1465//1356 1467//1356
f 1468//1357 1421//1357 1422//1357
f 1422//1357 1469//1357 1468//1357
f 1457//1358 1468//1358 1469//1358
f 1469//1358 1458//1358 1457//1358
f 1461//1359 1470//1359 1468//1359
f 1468//1359 1457//1359 1461//1359
f 1470//1360 1423//1360 1421//1360
f 1421//1360 1468//1360 1470//1360
usemtl mat2
f 1//1 2//1 3//1
f 3//1 4//1 1//1
f 5//2 6//2 7//2
f 7//2 8//2 5//2
f 9//3 10//3 11//3
f 11//3 12//3 9//3
f 13//4 14//4 15//4
f 15//4 16//4 13//4
f 2//5 13//5 16//5
f 16//5 3//5 2//5
f 6//6 1//6 4//6
f 4//6 7//6 6//6
f 10//7 5//7 8//7
f 8//7 11//7 10//7
f 14//8 9//8 12//8
f 12//8 15//8 14//8
f 17//9 18//9 19//9
f 19//9 20//9 17//9
f 21//10 22//10 23//10
f 23//10 24//10 21//10
f 25//11 26//11 27//11
f 27//11 28//11 25//11
f 29//12 30//12 31//12
f 31//12 32//12 29//12
f 30//13 17//13 20//13
f 20//13 31//13 30//13
f 18//14 21//14 24//14
f 24//14 19//14 18//14
f 22//15 25//15 28//15
f 28//15 23//15 22//15
f 26//16 29//16 32//16
f 32//16 27//16 26//16
f 33//17 17//17 30//17
f 30//17 34//17 33//17
f 35//18 21//18 18//18
f 18//18 36//18 35//18
f 37//19 25//19 22//19
f 22//19 38//19 37//19
f 39//20 29//20 26//20
f 26//20 40//20 39//20
f 36//21 18//21 17//21
f 17//21 33//21 36//21
f 38//22 22//22 21//22
f 21//22 35//22 38//22
f 40//23 26//23 25//23
f 25//23 37//23 40//23
f 15//40 12//40 27//40
f 27//40 32//40 15//40
f 11//41 8//41 23//41
f 23//41 28//41 11//41
f 7//42 4//42 19//42
f 19//42 24//42 7//42
f 3//43 16//43 31//43
f 31//43 20//43 3//43
f 16//44 15//44 32//44
f 32//44 31//44 16//44
f 12//45 11//45 28//45
f 28//45 27//45 12//45
f 8//46 7//46 24//46
f 24//46 23//46 8//46
f 4//47 3//47 20//47
f 20//47 19//47 4//47
f 65//56 66//56 67//56
f 67//56 68//56 65//56
f 69//57 65//57 68//57
f 68//57 70//57 69//57
f 71//58 69//58 70//58
f 70//58 72//58 71//58
f 58//59 73//59 74//59
f 74//59 64//59 58//59
f 70//60 68//60 62//60
f 62//60 64//60 70//60
f 68//61 67//61 63//61
f 63//61 62//61 68//61
f 75//62 76//62 65//62
f 65//62 69//62 75//62
f 77//63 78//63 61//63
f 61//63 63//63 77//63
f 79//64 80//64 67//64
f 67//64 66//64 79//64
f 59//65 81//65 82//65
f 82//65 83//65 59//65
f 80//66 77//66 63//66
f 63//66 67//66 80//66
f 76//67 79//67 66//67
f 66//67 65//67 76//67
f 78//68 81//68 59//68
f 59//68 61//68 78//68
f 84//69 75//69 69//69
f 69//69 71//69 84//69
f 83//171 218//171 60//171
f 60//171 59//171 83//171
f 218//172 219//172 57//172
f 57//172 60//172 218//172
f 57//173 219//173 73//173
f 73//173 58//173 57//173
f 72//174 70//174 64//174
f 64//174 74//174 72//174
f 34//198 30//198 29//198
f 29//198 39//198 34//198
f 220//199 221//199 222//199
f 222//199 223//199 220//199
f 224//200 225//200 226//200
f 226//200 227//200 224//200
f 228//201 229//201 230//201
f 230//201 231//201 228//201
f 232//202 233//202 234//202
f 234//202 235//202 232//202
f 223//203 222//203 233//203
f 233//203 232//203 223//203
f 227//204 226//204 221//204
f 221//204 220//204 227//204
f 231//205 230//205 225//205
f 225//205 224//205 231//205
f 235//206 234//206 229//206
f 229//206 228//206 235//206
f 236//207 237//207 238//207
f 238//207 239//207 236//207
f 240//208 241//208 242//208
f 242//208 243//208 240//208
f 244//209 245//209 246//209
f 246//209 247//209 244//209
f 248//210 249//210 250//210
f 250//210 251//210 248//210
f 251//211 250//211 237//211
f 237//211 236//211 251//211
f 239//212 238//212 241//212
f 241//212 240//212 239//212
f 243//213 242//213 245//213
f 245//213 244//213 243//213
f 247//214 246//214 249//214
f 249//214 248//214 247//214
f 252//215 253//215 251//215
f 251//215 236//215 252//215
f 254//216 255//216 239//216
f 239//216 240//216 254//216
f 256//217 257//217 243//217
f 243//217 244//217 256//217
f 258//218 259//218 247//218
f 247//218 248//218 258//218
f 255//219 252//219 236//219
f 236//219 239//219 255//219
f 257//220 254//220 240//220
f 240//220 243//220 257//220
f 259//221 256//221 244//221
f 244//221 247//221 259//221
f 234//238 249//238 246//238
f 246//238 229//238 234//238
f 230//239 245//239 242//239
f 242//239 225//239 230//239
f 226//240 241//240 238//240
f 238//240 221//240 226//240
f 222//241 237//241 250//241
f 250//241 233//241 222//241
f 233//242 250//242 249//242
f 249//242 234//242 233//242
f 229//243 246//243 245//243
f 245//243 230//243 229//243
f 225//244 242//244 241//244
f 241//244 226//244 225//244
f 221//245 238//245 237//245
f 237//245 222//245 221//245
f 284//254 285//254 286//254
f 286//254 287//254 284//254
f 288//255 289//255 285//255
f 285//255 284//255 288//255
f 71//256 72//256 289//256
f 289//256 288//256 71//256
f 277//257 283//257 74//257
f 74//257 73//257 277//257
f 289//258 283//258 281//258
f 281//258 285//258 289//258
f 285//259 281//259 282//259
f 282//259 286//259 285//259
f 290//260 288//260 284//260
f 284//260 291//260 290//260
f 292//261 282//261 280//261
f 280//261 293//261 292//261
f 294//262 287//262 286//262
f 286//262 295//262 294//262
f 278//263 83//263 82//263
f 82//263 296//263 278//263
f 295//264 286//264 282//264
f 282//264 292//264 295//264
f 291//265 284//265 287//265
f 287//265 294//265 291//265
f 293//266 280//266 278//266
f 278//266 296//266 293//266
f 84//267 71//267 288//267
f 288//267 290//267 84//267
f 83//369 278//369 279//369
f 279//369 218//369 83//369
f 218//370 279//370 276//370
f 276//370 219//370 218//370
f 276//371 277//371 73//371
f 73//371 219//371 276//371
f 72//372 74//372 283//372
f 283//372 289//372 72//372
f 253//396 258//396 248//396
f 248//396 251//396 253//396
f 552//537 553//537 554//537
f 554//537 555//537 552//537
f 553//538 556//538 557//538
f 557//538 554//538 553//538
f 558//539 559//539 560//539
f 560//539 561//539 558//539
f 562//540 563//540 564//540
f 564//540 565//540 562//540
f 559//541 562//541 565//541
f 565//541 560//541 559//541
f 563//542 558//542 561//542
f 561//542 564//542 563//542
f 566//543 567//543 568//543
f 568//543 569//543 566//543
f 570//544 571//544 567//544
f 567//544 566//544 570//544
f 572//545 573//545 574//545
f 574//545 575//545 572//545
f 576//546 577//546 573//546
f 573//546 572//546 576//546
f 573//547 566//547 569//547
f 569//547 574//547 573//547
f 577//548 570//548 566//548
f 566//548 573//548 577//548
f 567//549 572//549 575//549
f 575//549 568//549 567//549
f 571//550 576//550 572//550
f 572//550 567//550 571//550
f 580//555 579//555 561//555
f 561//555 560//555 580//555
f 578//556 581//556 565//556
f 565//556 564//556 578//556
f 581//557 580//557 560//557
f 560//557 565//557 581//557
f 579//558 578//558 564//558
f 564//558 561//558 579//558
f 569//559 568//559 554//559
f 554//559 557//559 569//559
f 574//560 569//560 557//560
f 557//560 582//560 574//560
f 575//561 574//561 582//561
f 582//561 555//561 575//561
f 568//562 575//562 555//562
f 555//562 554//562 568//562
f 558//563 563//563 556//563
f 556//563 553//563 558//563
f 563//564 562//564 583//564
f 583//564 556//564 563//564
f 562//565 559//565 552//565
f 552//565 583//565 562//565
f 559//566 558//566 553//566
f 553//566 552//566 559//566
f 583//567 552//567 555//567
f 555//567 582//567 583//567
f 556//568 583//568 582//568
f 582//568 557//568 556//568
f 584//569 585//569 586//569
f 586//569 587//569 584//569
f 587//570 586//570 588//570
f 588//570 589//570 587//570
f 590//571 591//571 592//571
f 592//571 593//571 590//571
f 594//572 595//572 596//572
f 596//572 597//572 594//572
f 593//573 592//573 595//573
f 595//573 594//573 593//573
f 597//574 596//574 591//574
f 591//574 590//574 597//574
f 598//575 599//575 600//575
f 600//575 601//575 598//575
f 602//576 598//576 601//576
f 601//576 603//576 602//576
f 604//577 605//577 606//577
f 606//577 607//577 604//577
f 608//578 604//578 607//578
f 607//578 609//578 608//578
f 607//579 606//579 599//579
f 599//579 598//579 607//579
f 609//580 607//580 598//580
f 598//580 602//580 609//580
f 601//581 600//581 605//581
f 605//581 604//581 601//581
f 603//582 601//582 604//582
f 604//582 608//582 603//582
f 612//587 592//587 591//587
f 591//587 611//587 612//587
f 610//588 596//588 595//588
f 595//588 613//588 610//588
f 613//589 595//589 592//589
f 592//589 612//589 613//589
f 611//590 591//590 596//590
f 596//590 610//590 611//590
f 599//591 588//591 586//591
f 586//591 600//591 599//591
f 606//592 614//592 588//592
f 588//592 599//592 606//592
f 605//593 585//593 614//593
f 614//593 606//593 605//593
f 600//594 586//594 585//594
f 585//594 605//594 600//594
f 590//595 587//595 589//595
f 589//595 597//595 590//595
f 597//596 589//596 615//596
f 615//596 594//596 597//596
f 594//597 615//597 584//597
f 584//597 593//597 594//597
f 593//598 584//598 587//598
f 587//598 590//598 593//598
f 615//599 614//599 585//599
f 585//599 584//599 615//599
f 589//600 588//600 614//600
f 614//600 615//600 589//600
f 897//887 895//887 901//887
f 901//887 900//887 897//887
f 894//888 891//888 905//888
f 905//888 904//888 894//888
f 890//889 899//889 909//889
f 909//889 908//889 890//889
f 899//890 887//890 912//890
f 912//890 909//890 899//890
f 886//891 897//891 900//891
f 900//891 914//891 886//891
f 895//892 894//892 904//892
f 904//892 901//892 895//892
f 891//893 890//893 908//893
f 908//893 905//893 891//893
f 887//894 886//894 914//894
f 914//894 912//894 887//894
f 928//911 932//911 935//911
f 935//911 925//911 928//911
f 926//912 936//912 939//912
f 939//912 921//912 926//912
f 922//913 940//913 943//913
f 943//913 931//913 922//913
f 931//914 943//914 945//914
f 945//914 917//914 931//914
f 918//915 946//915 932//915
f 932//915 928//915 918//915
f 925//916 935//916 936//916
f 936//916 926//916 925//916
f 921//917 939//917 940//917
f 940//917 922//917 921//917
f 917//918 945//918 946//918
f 946//918 918//918 917//918
f 1471//1361 1472//1361 1414//1361
f 1414//1361 1467//1361 1471//1361
f 1473//1362 1471//1362 1467//1362
f 1467//1362 1455//1362 1473//1362
f 1474//1363 1475//1363 1471//1363
f 1471//1363 1473//1363 1474//1363
f 1475//1364 1476//1364 1472//1364
f 1472//1364 1471//1364 1475//1364
f 1477//1365 1478//1365 1423//1365
f 1423//1365 1470//1365 1477//1365
f 1479//1366 1477//1366 1470//1366
f 1470//1366 1461//1366 1479//1366
f 1480//1367 1481//1367 1477//1367
f 1477//1367 1479//1367 1480//1367
f 1481//1368 1482//1368 1478//1368
f 1478//1368 1477//1368 1481//1368
f 1483//1369 1484//1369 1407//1369
f 1407//1369 1406//1369 1483//1369
f 1485//1370 1483//1370 1406//1370
f 1406//1370 1405//1370 1485//1370
f 1486//1371 1487//1371 1483//1371
f 1483//1371 1485//1371 1486//1371
f 1487//1372 1488//1372 1484//1372
f 1484//1372 1483//1372 1487//1372
f 1489//1373 1490//1373 1416//1373
f 1416//1373 1415//1373 1489//1373
f 1472//1374 1489//1374 1415//1374
f 1415//1374 1414//1374 1472//1374
f 1476//1375 1491//1375 1489//1375
f 1489//1375 1472//1375 1476//1375
f 1491//1376 1492//1376 1490//1376
f 1490//1376 1489//1376 1491//1376
f 1493//1377 1494//1377 1425//1377
f 1425//1377 1424//1377 1493//1377
f 1478//1378 1493//1378 1424//1378
f 1424//1378 1423//1378 1478//1378
f 1482//1379 1495//1379 1493//1379
f 1493//1379 1478//1379 1482//1379
f 1495//1380 1496//1380 1494//1380
f 1494//1380 1493//1380 1495//1380
f 1497//1381 1498//1381 1434//1381
f 1434//1381 1433//1381 1497//1381
f 1499//1382 1497//1382 1433//1382
f 1433//1382 1432//1382 1499//1382
f 1500//1383 1501//1383 1497//1383
f 1497//1383 1499//1383 1500//1383
f 1501//1384 1502//1384 1498//1384
f 1498//1384 1497//1384 1501//1384
f 1503//1385 1504//1385 1440//1385
f 1440//1385 1439//1385 1503//1385
f 1484//1386 1503//1386 1439//1386
f 1439//1386 1407//1386 1484//1386
f 1488//1387 1505//1387 1503//1387
f 1503//1387 1484//1387 1488//1387
f 1505//1388 1506//1388 1504//1388
f 1504//1388 1503//1388 1505//1388
f 1507//1389 1508//1389 1446//1389
f 1446//1389 1445//1389 1507//1389
f 1490//1390 1507//1390 1445//1390
f 1445//1390 1416//1390 1490//1390
f 1492//1391 1509//1391 1507//1391
f 1507//1391 1490//1391 1492//1391
f 1509//1392 1510//1392 1508//1392
f 1508//1392 1507//1392 1509//1392
f 1511//1393 1499//1393 1432//1393
f 1432//1393 1449//1393 1511//1393
f 1494//1394 1511//1394 1449//1394
f 1449//1394 1425//1394 1494//1394
f 1496//1395 1512//1395 1511//1395
f 1511//1395 1494//1395 1496//1395
f 1512//1396 1500//1396 1499//1396
f 1499//1396 1511//1396 1512//1396
f 1513//1397 1473//1397 1455//1397
f 1455//1397 1454//1397 1513//1397
f 1498//1398 1513//1398 1454//1398
f 1454//1398 1434//1398 1498//1398
f 1502//1399 1514//1399 1513//1399
f 1513//1399 1498//1399 1502//1399
f 1514//1400 1474//1400 1473//1400
f 1473//1400 1513//1400 1514//1400
f 1515//1401 1479//1401 1461//1401
f 1461//1401 1460//1401 1515//1401
f 1504//1402 1515//1402 1460//1402
f 1460//1402 1440//1402 1504//1402
f 1506//1403 1516//1403 1515//1403
f 1515//1403 1504//1403 1506//1403
f 1516//1404 1480//1404 1479//1404
f 1479//1404 1515//1404 1516//1404
f 1517//1405 1485//1405 1405//1405
f 1405//1405 1464//1405 1517//1405
f 1508//1406 1517//1406 1464//1406
f 1464//1406 1446//1406 1508//1406
f 1510//1407 1518//1407 1517//1407
f 1517//1407 1508//1407 1510//1407
f 1518//1408 1486//1408 1485//1408
f 1485//1408 1517//1408 1518//1408
f 1519//1409 1520//1409 1521//1409
f 1522//1410 1520//1410 1523//1410
f 1524//1411 1520//1411 1525//1411
f 1526//1412 1520//1412 1527//1412
f 1527//1413 1520//1413 1519//1413
f 1521//1414 1520//1414 1522//1414
f 1523//1415 1520//1415 1524//1415
f 1525//1416 1520//1416 1526//1416
f 1537//1425 1538//1425 1523//1425
f 1523//1425 1524//1425 1537//1425
f 1539//1426 1540//1426 1525//1426
f 1525//1426 1526//1426 1539//1426
f 1541//1427 1542//1427 1519//1427
f 1519//1427 1521//1427 1541//1427
f 1538//1428 1543//1428 1522//1428
f 1522//1428 1523//1428 1538//1428
f 1540//1429 1537//1429 1524//1429
f 1524//1429 1525//1429 1540//1429
f 1544//1430 1539//1430 1526//1430
f 1526//1430 1527//1430 1544//1430
f 1542//1431 1544//1431 1527//1431
f 1527//1431 1519//1431 1542//1431
f 1543//1432 1541//1432 1521//1432
f 1521//1432 1522//1432 1543//1432
f 1533//1433 1536//1433 1542//1433
f 1542//1433 1541//1433 1533//1433
f 1531//1434 1534//1434 1543//1434
f 1543//1434 1538//1434 1531//1434
f 1528//1435 1532//1435 1537//1435
f 1537//1435 1540//1435 1528//1435
f 1535//1436 1529//1436 1539//1436
f 1539//1436 1544//1436 1535//1436
f 1536//1437 1535//1437 1544//1437
f 1544//1437 1542//1437 1536//1437
f 1534//1438 1533//1438 1541//1438
f 1541//1438 1543//1438 1534//1438
f 1532//1439 1531//1439 1538//1439
f 1538//1439 1537//1439 1532//1439
f 1529//1440 1528//1440 1540//1440
f 1540//1440 1539//1440 1529//1440
f 1545//1441 1546//1441 1547//1441
f 1548//1442 1549//1442 1547//1442
f 1550//1443 1551//1443 1547//1443
f 1552//1444 1553//1444 1547//1444
f 1553//1445 1545//1445 1547//1445
f 1546//1446 1548//1446 1547//1446
f 1549//1447 1550//1447 1547//1447
f 1551//1448 1552//1448 1547//1448
f 1563//1457 1550//1457 1549//1457
f 1549//1457 1564//1457 1563//1457
f 1565//1458 1552//1458 1551//1458
f 1551//1458 1566//1458 1565//1458
f 1567//1459 1546//1459 1545//1459
f 1545//1459 1568//1459 1567//1459
f 1564//1460 1549//1460 1548//1460
f 1548//1460 1569//1460 1564//1460
f 1566//1461 1551//1461 1550//1461
f 1550//1461 1563//1461 1566//1461
f 1570//1462 1553//1462 1552//1462
f 1552//1462 1565//1462 1570//1462
f 1568//1463 1545//1463 1553//1463
f 1553//1463 1570//1463 1568//1463
f 1569//1464 1548//1464 1546//1464
f 1546//1464 1567//1464 1569//1464
f 1559//1465 1567//1465 1568//1465
f 1568//1465 1562//1465 1559//1465
f 1557//1466 1564//1466 1569//1466
f 1569//1466 1560//1466 1557//1466
f 1554//1467 1566//1467 1563//1467
f 1563//1467 1558//1467 1554//1467
f 1561//1468 1570//1468 1565//1468
f 1565//1468 1556//1468 1561//1468
f 1562//1469 1568//1469 1570//1469
f 1570//1469 1561//1469 1562//1469
f 1560//1470 1569//1470 1567//1470
f 1567//1470 1559//1470 1560//1470
f 1558//1471 1563//1471 1564//1471
f 1564//1471 1557//1471 1558//1471
f 1556//1472 1565//1472 1566//1472
f 1566//1472 1554//1472 1556//1472
usemtl mat3
f 578//551 579//551 571//551
f 571//551 570//551 578//551
f 580//552 581//552 577//552
f 577//552 576//552 580//552
f 581//553 578//553 570//553
f 570//553 577//553 581//553
f 579//554 580//554 576//554
f 576//554 571//554 579//554
f 610//583 602//583 603//583
f 603//583 611//583 610//583
f 612//584 608//584 609//584
f 609//584 613//584 612//584
f 613//585 609//585 602//585
f 602//585 610//585 613//585
f 611//586 603//586 608//586
f 608//586 612//586 611//586
f 1528//1417 1529//1417 1530//1417
f 1531//1418 1532//1418 1530//1418
f 1533//1419 1534//1419 1530//1419
f 1535//1420 1536//1420 1530//1420
f 1529//1421 1535//1421 1530//1421
f 1532//1422 1528//1422 1530//1422
f 1534//1423 1531//1423 1530//1423
f 1536//1424 1533//1424 1530//1424
f 1554//1449 1555//1449 1556//1449
f 1557//1450 1555//1450 1558//1450
f 1559//1451 1555//1451 1560//1451
f 1561//1452 1555//1452 1562//1452
f 1556//1453 1555//1453 1561//1453
f 1558//1454 1555//1454 1554//1454
f 1560//1455 1555//1455 1557//1455
f 1562//1456 1555//1456 1559//1456
usemtl mat4
f 714//697 715//697 716//697
f 716//697 717//697 714//697
f 718//698 719//698 720//698
f 720//698 721//698 718//698
f 722//699 723//699 724//699
f 724//699 725//699 722//699
f 726//700 727//700 728//700
f 728//700 729//700 726//700
f 730//701 731//701 732//701
f 732//701 733//701 730//701
f 734//702 735//702 736//702
f 736//702 737//702 734//702
f 738//703 739//703 740//703
f 740//703 741//703 738//703
f 733//704 742//704 727//704
f 727//704 726//704 733//704
f 743//705 744//705 729//705
f 729//705 738//705 743//705
f 745//706 746//706 730//706
f 730//706 733//706 745//706
f 747//707 748//707 737//707
f 737//707 714//707 747//707
f 749//708 750//708 741//708
f 741//708 722//708 749//708
f 751//709 745//709 733//709
f 733//709 726//709 751//709
f 746//710 752//710 717//710
f 717//710 730//710 746//710
f 753//711 754//711 721//711
f 721//711 734//711 753//711
f 755//712 756//712 725//712
f 725//712 718//712 755//712
f 757//713 758//713 754//713
f 754//713 753//713 757//713
f 759//714 760//714 756//714
f 756//714 755//714 759//714
f 761//715 762//715 746//715
f 746//715 745//715 761//715
f 763//716 761//716 745//716
f 745//716 751//716 763//716
f 764//717 765//717 766//717
f 766//717 767//717 764//717
f 768//718 769//718 761//718
f 761//718 763//718 768//718
f 770//719 771//719 772//719
f 772//719 762//719 770//719
f 773//720 774//720 758//720
f 758//720 757//720 773//720
f 775//721 776//721 760//721
f 760//721 759//721 775//721
f 765//722 768//722 763//722
f 763//722 766//722 765//722
f 769//723 770//723 762//723
f 762//723 761//723 769//723
f 771//724 773//724 757//724
f 757//724 772//724 771//724
f 777//725 778//725 779//725
f 779//725 780//725 777//725
f 781//726 782//726 783//726
f 783//726 784//726 781//726
f 785//727 786//727 787//727
f 787//727 788//727 785//727
f 789//728 790//728 791//728
f 791//728 792//728 789//728
f 793//729 777//729 780//729
f 780//729 794//729 793//729
f 795//730 785//730 788//730
f 788//730 796//730 795//730
f 786//731 797//731 798//731
f 798//731 787//731 786//731
f 790//732 793//732 794//732
f 794//732 791//732 790//732
f 791//733 794//733 771//733
f 771//733 770//733 791//733
f 787//734 798//734 769//734
f 769//734 768//734 787//734
f 796//735 788//735 765//735
f 765//735 764//735 796//735
f 794//736 780//736 773//736
f 773//736 771//736 794//736
f 792//737 791//737 770//737
f 770//737 769//737 792//737
f 788//738 787//738 768//738
f 768//738 765//738 788//738
f 784//739 783//739 776//739
f 776//739 775//739 784//739
f 780//740 779//740 774//740
f 774//740 773//740 780//740
f 783//741 796//741 764//741
f 764//741 776//741 783//741
f 782//742 795//742 796//742
f 796//742 783//742 782//742
f 776//743 764//743 767//743
f 767//743 760//743 776//743
f 760//744 767//744 749//744
f 749//744 756//744 760//744
f 756//745 749//745 722//745
f 722//745 725//745 756//745
f 725//746 724//746 719//746
f 719//746 718//746 725//746
f 779//747 784//747 775//747
f 775//747 774//747 779//747
f 778//748 781//748 784//748
f 784//748 779//748 778//748
f 774//749 775//749 759//749
f 759//749 758//749 774//749
f 758//750 759//750 755//750
f 755//750 754//750 758//750
f 754//751 755//751 718//751
f 718//751 721//751 754//751
f 721//752 720//752 735//752
f 735//752 734//752 721//752
f 744//753 751//753 726//753
f 726//753 729//753 744//753
f 729//754 728//754 739//754
f 739//754 738//754 729//754
f 750//755 743//755 738//755
f 738//755 741//755 750//755
f 741//756 740//756 723//756
f 723//756 722//756 741//756
f 752//757 747//757 714//757
f 714//757 717//757 752//757
f 717//758 716//758 731//758
f 731//758 730//758 717//758
f 748//759 753//759 734//759
f 734//759 737//759 748//759
f 737//760 736//760 715//760
f 715//760 714//760 737//760
f 799//761 800//761 801//761
f 801//761 802//761 799//761
f 803//762 804//762 805//762
f 805//762 806//762 803//762
f 807//763 808//763 809//763
f 809//763 810//763 807//763
f 811//764 812//764 813//764
f 813//764 814//764 811//764
f 815//765 816//765 817//765
f 817//765 818//765 815//765
f 819//766 820//766 821//766
f 821//766 822//766 819//766
f 823//767 824//767 825//767
f 825//767 826//767 823//767
f 816//768 811//768 814//768
f 814//768 827//768 816//768
f 828//769 823//769 812//769
f 812//769 829//769 828//769
f 830//770 816//770 815//770
f 815//770 831//770 830//770
f 832//771 799//771 820//771
f 820//771 833//771 832//771
f 834//772 807//772 824//772
f 824//772 835//772 834//772
f 836//773 811//773 816//773
f 816//773 830//773 836//773
f 831//774 815//774 800//774
f 800//774 837//774 831//774
f 838//775 819//775 804//775
f 804//775 839//775 838//775
f 840//776 803//776 808//776
f 808//776 841//776 840//776
f 842//777 838//777 839//777
f 839//777 843//777 842//777
f 844//778 840//778 841//778
f 841//778 845//778 844//778
f 846//779 830//779 831//779
f 831//779 847//779 846//779
f 848//780 836//780 830//780
f 830//780 846//780 848//780
f 849//781 850//781 851//781
f 851//781 852//781 849//781
f 853//782 848//782 846//782
f 846//782 854//782 853//782
f 855//783 847//783 856//783
f 856//783 857//783 855//783
f 858//784 842//784 843//784
f 843//784 859//784 858//784
f 860//785 844//785 845//785
f 845//785 861//785 860//785
f 852//786 851//786 848//786
f 848//786 853//786 852//786
f 854//787 846//787 847//787
f 847//787 855//787 854//787
f 857//788 856//788 842//788
f 842//788 858//788 857//788
f 862//789 863//789 864//789
f 864//789 865//789 862//789
f 866//790 867//790 868//790
f 868//790 869//790 866//790
f 870//791 871//791 872//791
f 872//791 873//791 870//791
f 874//792 875//792 876//792
f 876//792 877//792 874//792
f 878//793 879//793 863//793
f 863//793 862//793 878//793
f 880//794 881//794 871//794
f 871//794 870//794 880//794
f 873//795 872//795 882//795
f 882//795 883//795 873//795
f 877//796 876//796 879//796
f 879//796 878//796 877//796
f 876//797 855//797 857//797
f 857//797 879//797 876//797
f 872//798 853//798 854//798
f 854//798 882//798 872//798
f 881//799 849//799 852//799
f 852//799 871//799 881//799
f 879//800 857//800 858//800
f 858//800 863//800 879//800
f 875//801 854//801 855//801
f 855//801 876//801 875//801
f 871//802 852//802 853//802
f 853//802 872//802 871//802
f 867//803 860//803 861//803
f 861//803 868//803 867//803
f 863//804 858//804 859//804
f 859//804 864//804 863//804
f 868//805 861//805 849//805
f 849//805 881//805 868//805
f 869//806 868//806 881//806
f 881//806 880//806 869//806
f 861//807 845//807 850//807
f 850//807 849//807 861//807
f 845//808 841//808 834//808
f 834//808 850//808 845//808
f 841//809 808//809 807//809
f 807//809 834//809 841//809
f 808//810 803//810 806//810
f 806//810 809//810 808//810
f 864//811 859//811 860//811
f 860//811 867//811 864//811
f 865//812 864//812 867//812
f 867//812 866//812 865//812
f 859//813 843//813 844//813
f 844//813 860//813 859//813
f 843//814 839//814 840//814
f 840//814 844//814 843//814
f 839//815 804//815 803//815
f 803//815 840//815 839//815
f 804//816 819//816 822//816
f 822//816 805//816 804//816
f 829//817 812//817 811//817
f 811//817 836//817 829//817
f 812//818 823//818 826//818
f 826//818 813//818 812//818
f 835//819 824//819 823//819
f 823//819 828//819 835//819
f 824//820 807//820 810//820
f 810//820 825//820 824//820
f 837//821 800//821 799//821
f 799//821 832//821 837//821
f 800//822 815//822 818//822
f 818//822 801//822 800//822
f 833//823 820//823 819//823
f 819//823 838//823 833//823
f 820//824 799//824 802//824
f 802//824 821//824 820//824
f 806//825 805//825 720//825
f 720//825 719//825 806//825
f 822//826 821//826 736//826
f 736//826 735//826 822//826
f 802//827 801//827 716//827
f 716//827 715//827 802//827
f 818//828 817//828 732//828
f 732//828 731//828 818//828
f 827//829 814//829 727//829
f 727//829 742//829 827//829
f 814//830 813//830 728//830
f 728//830 727//830 814//830
f 826//831 825//831 740//831
f 740//831 739//831 826//831
f 810//832 809//832 724//832
f 724//832 723//832 810//832
f 817//833 816//833 733//833
f 733//833 732//833 817//833
f 833//834 838//834 753//834
f 753//834 748//834 833//834
f 837//835 832//835 747//835
f 747//835 752//835 837//835
f 829//836 836//836 751//836
f 751//836 744//836 829//836
f 835//837 828//837 743//837
f 743//837 750//837 835//837
f 842//838 856//838 772//838
f 772//838 757//838 842//838
f 856//839 847//839 762//839
f 762//839 772//839 856//839
f 848//840 851//840 766//840
f 766//840 763//840 848//840
f 851//841 850//841 767//841
f 767//841 766//841 851//841
f 838//842 842//842 757//842
f 757//842 753//842 838//842
f 850//843 834//843 749//843
f 749//843 767//843 850//843
f 836//844 848//844 763//844
f 763//844 751//844 836//844
f 847//845 831//845 746//845
f 746//845 762//845 847//845
f 865//846 866//846 781//846
f 781//846 778//846 865//846
f 878//847 862//847 777//847
f 777//847 793//847 878//847
f 877//848 878//848 793//848
f 793//848 790//848 877//848
f 874//849 877//849 790//849
f 790//849 789//849 874//849
f 873//850 883//850 797//850
f 797//850 786//850 873//850
f 870//851 873//851 786//851
f 786//851 785//851 870//851
f 880//852 870//852 785//852
f 785//852 795//852 880//852
f 869//853 880//853 795//853
f 795//853 782//853 869//853
f 769//854 798//854 882//854
f 875//855 874//855 789//855
f 789//855 792//855 875//855
f 883//856 882//856 798//856
f 798//856 797//856 883//856
f 854//857 875//857 792//857
f 792//857 769//857 854//857
f 816//858 827//858 742//858
f 742//858 733//858 816//858
f 809//859 806//859 719//859
f 719//859 724//859 809//859
f 866//860 869//860 782//860
f 782//860 781//860 866//860
f 805//861 822//861 735//861
f 735//861 720//861 805//861
f 862//862 865//862 778//862
f 778//862 777//862 862//862
f 813//863 826//863 739//863
f 739//863 728//863 813//863
f 828//864 829//864 744//864
f 744//864 743//864 828//864
f 825//865 810//865 723//865
f 723//865 740//865 825//865
f 834//866 835//866 750//866
f 750//866 749//866 834//866
f 801//867 818//867 731//867
f 731//867 716//867 801//867
f 831//868 837//868 752//868
f 752//868 746//868 831//868
f 821//869 802//869 715//869
f 715//869 736//869 821//869
f 832//870 833//870 748//870
f 748//870 747//870 832//870
usemtl mat5
f 948//919 949//919 950//919
f 950//919 951//919 948//919
f 948//920 951//920 952//920
f 952//920 953//920 948//920
f 948//921 953//921 954//921
f 954//921 949//921 948//921
f 955//922 956//922 954//922
f 954//922 953//922 955//922
f 955//923 953//923 952//923
f 952//923 957//923 955//923
f 955//924 957//924 958//924
f 958//924 956//924 955//924
f 959//925 960//925 961//925
f 961//925 962//925 959//925
f 959//926 962//926 952//926
f 952//926 963//926 959//926
f 959//927 963//927 964//927
f 964//927 960//927 959//927
f 965//928 966//928 964//928
f 964//928 963//928 965//928
f 965//929 963//929 952//929
f 952//929 967//929 965//929
f 965//930 967//930 968//930
f 968//930 966//930 965//930
f 969//931 970//931 958//931
f 958//931 957//931 969//931
f 969//932 957//932 952//932
f 952//932 971//932 969//932
f 969//933 971//933 972//933
f 972//933 970//933 969//933
f 973//934 974//934 975//934
f 975//934 976//934 973//934
f 973//935 976//935 952//935
f 952//935 962//935 973//935
f 973//936 962//936 961//936
f 961//936 974//936 973//936
f 977//937 978//937 972//937
f 972//937 971//937 977//937
f 977//938 971//938 952//938
f 952//938 976//938 977//938
f 977//939 976//939 975//939
f 975//939 978//939 977//939
f 979//940 980//940 968//940
f 968//940 967//940 979//940
f 979//941 967//941 952//941
f 952//941 951//941 979//941
f 979//942 951//942 950//942
f 950//942 980//942 979//942
f 981//943 982//943 983//943
f 983//943 984//943 981//943
f 981//944 985//944 986//944
f 986//944 982//944 981//944
f 981//945 984//945 987//945
f 987//945 985//945 981//945
f 988//946 985//946 987//946
f 987//946 989//946 988//946
f 988//947 990//947 986//947
f 986//947 985//947 988//947
f 988//948 989//948 991//948
f 991//948 990//948 988//948
f 992//949 993//949 994//949
f 994//949 995//949 992//949
f 992//950 996//950 986//950
f 986//950 993//950 992//950
f 992//951 995//951 997//951
f 997//951 996//951 992//951
f 998//952 996//952 997//952
f 997//952 999//952 998//952
f 998//953 1000//953 986//953
f 986//953 996//953 998//953
f 998//954 999//954 1001//954
f 1001//954 1000//954 998//954
f 1002//955 990//955 991//955
f 991//955 1003//955 1002//955
f 1002//956 1004//956 986//956
f 986//956 990//956 1002//956
f 1002//957 1003//957 1005//957
f 1005//957 1004//957 1002//957
f 1006//958 1007//958 1008//958
f 1008//958 1009//958 1006//958
f 1006//959 993//959 986//959
f 986//959 1007//959 1006//959
f 1006//960 1009//960 994//960
f 994//960 993//960 1006//960
f 1010//961 1004//961 1005//961
f 1005//961 1011//961 1010//961
f 1010//962 1007//962 986//962
f 986//962 1004//962 1010//962
f 1010//963 1011//963 1008//963
f 1008//963 1007//963 1010//963
f 1012//964 1000//964 1001//964
f 1001//964 1013//964 1012//964
f 1012//965 982//965 986//965
f 986//965 1000//965 1012//965
f 1012//966 1013//966 983//966
f 983//966 982//966 1012//966
f 1014//967 1015//967 1016//967
f 1016//967 1017//967 1014//967
f 1018//968 1014//968 1017//968
f 1017//968 1019//968 1018//968
f 1020//969 1021//969 1014//969
f 1014//969 1018//969 1020//969
f 1021//970 1022//970 1015//970
f 1015//970 1014//970 1021//970
f 1023//971 1024//971 1022//971
f 1022//971 1021//971 1023//971
f 1025//972 1023//972 1021//972
f 1021//972 1020//972 1025//972
f 1026//973 1027//973 1023//973
f 1023//973 1025//973 1026//973
f 1027//974 1028//974 1024//974
f 1024//974 1023//974 1027//974
f 1029//975 1030//975 1028//975
f 1028//975 1027//975 1029//975
f 1031//976 1029//976 1027//976
f 1027//976 1026//976 1031//976
f 1032//977 1033//977 1029//977
f 1029//977 1031//977 1032//977
f 1033//978 1034//978 1030//978
f 1030//978 1029//978 1033//978
f 1035//979 1036//979 1037//979
f 1037//979 1038//979 1035//979
f 1039//980 1040//980 1036//980
f 1036//980 1035//980 1039//980
f 1041//981 1039//981 1035//981
f 1035//981 1042//981 1041//981
f 1042//982 1035//982 1038//982
f 1038//982 1043//982 1042//982
f 1044//983 1042//983 1043//983
f 1043//983 1045//983 1044//983
f 1046//984 1041//984 1042//984
f 1042//984 1044//984 1046//984
f 1047//985 1046//985 1044//985
f 1044//985 1048//985 1047//985
f 1048//986 1044//986 1045//986
f 1045//986 1049//986 1048//986
f 1050//987 1048//987 1049//987
f 1049//987 1051//987 1050//987
f 1052//988 1047//988 1048//988
f 1048//988 1050//988 1052//988
f 1053//989 1052//989 1050//989
f 1050//989 1054//989 1053//989
f 1054//990 1050//990 1051//990
f 1051//990 1055//990 1054//990
f 1056//991 1057//991 1058//991
f 1058//991 1059//991 1056//991
f 1060//992 1056//992 1059//992
f 1059//992 1061//992 1060//992
f 1062//993 1063//993 1057//993
f 1057//993 1056//993 1062//993
f 1064//994 1062//994 1056//994
f 1056//994 1060//994 1064//994
f 1058//995 1065//995 1066//995
f 1066//995 1067//995 1058//995
f 1059//996 1058//996 1067//996
f 1067//996 1068//996 1059//996
f 1061//997 1059//997 1068//997
f 1068//997 1069//997 1061//997
f 1070//998 1061//998 1069//998
f 1069//998 1071//998 1070//998
f 1072//999 1060//999 1061//999
f 1061//999 1070//999 1072//999
f 1073//1000 1064//1000 1060//1000
f 1060//1000 1072//1000 1073//1000
f 1074//1001 1075//1001 1064//1001
f 1064//1001 1073//1001 1074//1001
f 1075//1002 1076//1002 1062//1002
f 1062//1002 1064//1002 1075//1002
f 1076//1003 1077//1003 1063//1003
f 1063//1003 1062//1003 1076//1003
f 1077//1004 1078//1004 1079//1004
f 1079//1004 1063//1004 1077//1004
f 1063//1005 1079//1005 1080//1005
f 1080//1005 1057//1005 1063//1005
f 1057//1006 1080//1006 1065//1006
f 1065//1006 1058//1006 1057//1006
f 1081//1007 1082//1007 1083//1007
f 1083//1007 1084//1007 1081//1007
f 1085//1008 1081//1008 1084//1008
f 1084//1008 1086//1008 1085//1008
f 1087//1009 1088//1009 1082//1009
f 1082//1009 1081//1009 1087//1009
f 1089//1010 1087//1010 1081//1010
f 1081//1010 1085//1010 1089//1010
f 1083//1011 1090//1011 1091//1011
f 1091//1011 1092//1011 1083//1011
f 1084//1012 1083//1012 1092//1012
f 1092//1012 1093//1012 1084//1012
f 1086//1013 1084//1013 1093//1013
f 1093//1013 1094//1013 1086//1013
f 1095//1014 1086//1014 1094//1014
f 1094//1014 1096//1014 1095//1014
f 1097//1015 1085//1015 1086//1015
f 1086//1015 1095//1015 1097//1015
f 1098//1016 1089//1016 1085//1016
f 1085//1016 1097//1016 1098//1016
f 1099//1017 1100//1017 1089//1017
f 1089//1017 1098//1017 1099//1017
f 1100//1018 1101//1018 1087//1018
f 1087//1018 1089//1018 1100//1018
f 1101//1019 1102//1019 1088//1019
f 1088//1019 1087//1019 1101//1019
f 1102//1020 1103//1020 1104//1020
f 1104//1020 1088//1020 1102//1020
f 1088//1021 1104//1021 1105//1021
f 1105//1021 1082//1021 1088//1021
f 1082//1022 1105//1022 1090//1022
f 1090//1022 1083//1022 1082//1022
f 1106//1023 1107//1023 1108//1023
f 1108//1023 1109//1023 1106//1023
f 1110//1024 1106//1024 1109//1024
f 1109//1024 1111//1024 1110//1024
f 1112//1025 1113//1025 1107//1025
f 1107//1025 1106//1025 1112//1025
f 1114//1026 1112//1026 1106//1026
f 1106//1026 1110//1026 1114//1026
f 1108//1027 1115//1027 1116//1027
f 1116//1027 1117//1027 1108//1027
f 1109//1028 1108//1028 1117//1028
f 1117//1028 1118//1028 1109//1028
f 1111//1029 1109//1029 1118//1029
f 1118//1029 1119//1029 1111//1029
f 1120//1030 1111//1030 1119//1030
f 1119//1030 1121//1030 1120//1030
f 1122//1031 1110//1031 1111//1031
f 1111//1031 1120//1031 1122//1031
f 1123//1032 1114//1032 1110//1032
f 1110//1032 1122//1032 1123//1032
f 1124//1033 1125//1033 1114//1033
f 1114//1033 1123//1033 1124//1033
f 1125//1034 1126//1034 1112//1034
f 1112//1034 1114//1034 1125//1034
f 1126//1035 1127//1035 1113//1035
f 1113//1035 1112//1035 1126//1035
f 1127//1036 1128//1036 1129//1036
f 1129//1036 1113//1036 1127//1036
f 1113//1037 1129//1037 1130//1037
f 1130//1037 1107//1037 1113//1037
f 1107//1038 1130//1038 1115//1038
f 1115//1038 1108//1038 1107//1038
f 1131//1039 1132//1039 1133//1039
f 1133//1039 1134//1039 1131//1039
f 1135//1040 1131//1040 1134//1040
f 1134//1040 1136//1040 1135//1040
f 1137//1041 1138//1041 1132//1041
f 1132//1041 1131//1041 1137//1041
f 1139//1042 1137//1042 1131//1042
f 1131//1042 1135//1042 1139//1042
f 1133//1043 1140//1043 1141//1043
f 1141//1043 1142//1043 1133//1043
f 1134//1044 1133//1044 1142//1044
f 1142//1044 1143//1044 1134//1044
f 1136//1045 1134//1045 1143//1045
f 1143//1045 1144//1045 1136//1045
f 1136//1046 1144//1046 1145//1046
f 1146//1047 1135//1047 1136//1047
f 1136//1047 1147//1047 1146//1047
f 1148//1048 1139//1048 1135//1048
f 1135//1048 1146//1048 1148//1048
f 1149//1049 1150//1049 1139//1049
f 1150//1050 1151//1050 1137//1050
f 1137//1050 1139//1050 1150//1050
f 1151//1051 1152//1051 1138//1051
f 1138//1051 1137//1051 1151//1051
f 1152//1052 1153//1052 1154//1052
f 1154//1052 1138//1052 1152//1052
f 1138//1053 1154//1053 1155//1053
f 1155//1053 1132//1053 1138//1053
f 1132//1054 1155//1054 1140//1054
f 1140//1054 1133//1054 1132//1054
f 1156//1055 1157//1055 1158//1055
f 1158//1055 1159//1055 1156//1055
f 1160//1056 1156//1056 1159//1056
f 1159//1056 1161//1056 1160//1056
f 1162//1057 1163//1057 1157//1057
f 1157//1057 1156//1057 1162//1057
f 1164//1058 1162//1058 1156//1058
f 1156//1058 1160//1058 1164//1058
f 1158//1059 1165//1059 1153//1059
f 1153//1059 1152//1059 1158//1059
f 1159//1060 1158//1060 1152//1060
f 1152//1060 1151//1060 1159//1060
f 1161//1061 1159//1061 1151//1061
f 1151//1061 1150//1061 1161//1061
f 1166//1062 1161//1062 1150//1062
f 1150//1062 1149//1062 1166//1062
f 1160//1063 1161//1063 1166//1063
f 1167//1064 1164//1064 1160//1064
f 1160//1064 1168//1064 1167//1064
f 1071//1065 1069//1065 1164//1065
f 1164//1065 1167//1065 1071//1065
f 1069//1066 1068//1066 1162//1066
f 1162//1066 1164//1066 1069//1066
f 1068//1067 1067//1067 1163//1067
f 1163//1067 1162//1067 1068//1067
f 1067//1068 1066//1068 1169//1068
f 1169//1068 1163//1068 1067//1068
f 1163//1069 1169//1069 1170//1069
f 1170//1069 1157//1069 1163//1069
f 1157//1070 1170//1070 1165//1070
f 1165//1070 1158//1070 1157//1070
f 1171//1071 1172//1071 1173//1071
f 1173//1071 1174//1071 1171//1071
f 1175//1072 1171//1072 1174//1072
f 1174//1072 1176//1072 1175//1072
f 1177//1073 1178//1073 1172//1073
f 1172//1073 1171//1073 1177//1073
f 1179//1074 1177//1074 1171//1074
f 1171//1074 1175//1074 1179//1074
f 1173//1075 1180//1075 1078//1075
f 1078//1075 1077//1075 1173//1075
f 1174//1076 1173//1076 1077//1076
f 1077//1076 1076//1076 1174//1076
f 1176//1077 1174//1077 1076//1077
f 1076//1077 1075//1077 1176//1077
f 1181//1078 1176//1078 1075//1078
f 1075//1078 1074//1078 1181//1078
f 1182//1079 1175//1079 1176//1079
f 1176//1079 1181//1079 1182//1079
f 1183//1080 1179//1080 1175//1080
f 1175//1080 1182//1080 1183//1080
f 1096//1081 1094//1081 1179//1081
f 1179//1081 1183//1081 1096//1081
f 1094//1082 1093//1082 1177//1082
f 1177//1082 1179//1082 1094//1082
f 1093//1083 1092//1083 1178//1083
f 1178//1083 1177//1083 1093//1083
f 1092//1084 1091//1084 1184//1084
f 1184//1084 1178//1084 1092//1084
f 1178//1085 1184//1085 1185//1085
f 1185//1085 1172//1085 1178//1085
f 1172//1086 1185//1086 1180//1086
f 1180//1086 1173//1086 1172//1086
f 1186//1087 1187//1087 1188//1087
f 1188//1087 1189//1087 1186//1087
f 1190//1088 1186//1088 1189//1088
f 1189//1088 1191//1088 1190//1088
f 1192//1089 1193//1089 1187//1089
f 1187//1089 1186//1089 1192//1089
f 1194//1090 1192//1090 1186//1090
f 1186//1090 1190//1090 1194//1090
f 1188//1091 1195//1091 1103//1091
f 1103//1091 1102//1091 1188//1091
f 1189//1092 1188//1092 1102//1092
f 1102//1092 1101//1092 1189//1092
f 1191//1093 1189//1093 1101//1093
f 1101//1093 1100//1093 1191//1093
f 1196//1094 1191//1094 1100//1094
f 1100//1094 1099//1094 1196//1094
f 1197//1095 1190//1095 1191//1095
f 1191//1095 1196//1095 1197//1095
f 1198//1096 1194//1096 1190//1096
f 1190//1096 1197//1096 1198//1096
f 1121//1097 1119//1097 1194//1097
f 1194//1097 1198//1097 1121//1097
f 1119//1098 1118//1098 1192//1098
f 1192//1098 1194//1098 1119//1098
f 1118//1099 1117//1099 1193//1099
f 1193//1099 1192//1099 1118//1099
f 1117//1100 1116//1100 1199//1100
f 1199//1100 1193//1100 1117//1100
f 1193//1101 1199//1101 1200//1101
f 1200//1101 1187//1101 1193//1101
f 1187//1102 1200//1102 1195//1102
f 1195//1102 1188//1102 1187//1102
f 1201//1103 1202//1103 1203//1103
f 1203//1103 1204//1103 1201//1103
f 1205//1104 1201//1104 1204//1104
f 1204//1104 1206//1104 1205//1104
f 1207//1105 1208//1105 1202//1105
f 1202//1105 1201//1105 1207//1105
f 1209//1106 1207//1106 1201//1106
f 1201//1106 1205//1106 1209//1106
f 1203//1107 1210//1107 1128//1107
f 1128//1107 1127//1107 1203//1107
f 1204//1108 1203//1108 1127//1108
f 1127//1108 1126//1108 1204//1108
f 1206//1109 1204//1109 1126//1109
f 1126//1109 1125//1109 1206//1109
f 1211//1110 1206//1110 1125//1110
f 1125//1110 1124//1110 1211//1110
f 1212//1111 1205//1111 1206//1111
f 1206//1111 1211//1111 1212//1111
f 1213//1112 1209//1112 1205//1112
f 1145//1113 1144//1113 1209//1113
f 1209//1113 1213//1113 1145//1113
f 1144//1114 1143//1114 1207//1114
f 1207//1114 1209//1114 1144//1114
f 1143//1115 1142//1115 1208//1115
f 1208//1115 1207//1115 1143//1115
f 1142//1116 1141//1116 1214//1116
f 1214//1116 1208//1116 1142//1116
f 1208//1117 1214//1117 1215//1117
f 1215//1117 1202//1117 1208//1117
f 1202//1118 1215//1118 1210//1118
f 1210//1118 1203//1118 1202//1118
usemtl mat6
f 1216//1119 1217//1119 1218//1119
f 1218//1119 1219//1119 1216//1119
f 1220//1120 1216//1120 1219//1120
f 1219//1120 1221//1120 1220//1120
f 1222//1121 1223//1121 1217//1121
f 1217//1121 1216//1121 1222//1121
f 1224//1122 1222//1122 1216//1122
f 1216//1122 1220//1122 1224//1122
f 1218//1123 1120//1123 1121//1123
f 1121//1123 1225//1123 1218//1123
f 1219//1124 1218//1124 1225//1124
f 1225//1124 1226//1124 1219//1124
f 1221//1125 1219//1125 1226//1125
f 1226//1125 1227//1125 1221//1125
f 1227//1126 1228//1126 1221//1126
f 1221//1127 1228//1127 1220//1127
f 1220//1128 1228//1128 1224//1128
f 1224//1129 1228//1129 1229//1129
f 1229//1130 1230//1130 1222//1130
f 1222//1130 1224//1130 1229//1130
f 1230//1131 1231//1131 1223//1131
f 1223//1131 1222//1131 1230//1131
f 1231//1132 1124//1132 1123//1132
f 1123//1132 1223//1132 1231//1132
f 1223//1133 1123//1133 1122//1133
f 1122//1133 1217//1133 1223//1133
f 1217//1134 1122//1134 1120//1134
f 1120//1134 1218//1134 1217//1134
f 1232//1135 1233//1135 1234//1135
f 1234//1135 1235//1135 1232//1135
f 1236//1136 1232//1136 1235//1136
f 1235//1136 1237//1136 1236//1136
f 1238//1137 1239//1137 1233//1137
f 1233//1137 1232//1137 1238//1137
f 1240//1138 1238//1138 1232//1138
f 1232//1138 1236//1138 1240//1138
f 1234//1139 1147//1139 1145//1139
f 1145//1139 1241//1139 1234//1139
f 1235//1140 1234//1140 1241//1140
f 1241//1140 1242//1140 1235//1140
f 1237//1141 1235//1141 1242//1141
f 1242//1141 1243//1141 1237//1141
f 1243//1142 1228//1142 1237//1142
f 1237//1143 1228//1143 1236//1143
f 1236//1144 1228//1144 1240//1144
f 1240//1145 1228//1145 1244//1145
f 1244//1146 1245//1146 1238//1146
f 1238//1146 1240//1146 1244//1146
f 1245//1147 1246//1147 1239//1147
f 1239//1147 1238//1147 1245//1147
f 1246//1148 1149//1148 1148//1148
f 1148//1148 1239//1148 1246//1148
f 1239//1149 1148//1149 1146//1149
f 1146//1149 1233//1149 1239//1149
f 1233//1150 1146//1150 1147//1150
f 1147//1150 1234//1150 1233//1150
f 1247//1151 1248//1151 1249//1151
f 1249//1151 1250//1151 1247//1151
f 1251//1152 1247//1152 1250//1152
f 1250//1152 1252//1152 1251//1152
f 1253//1153 1254//1153 1248//1153
f 1248//1153 1247//1153 1253//1153
f 1255//1154 1253//1154 1247//1154
f 1247//1154 1251//1154 1255//1154
f 1249//1155 1166//1155 1149//1155
f 1149//1155 1246//1155 1249//1155
f 1250//1156 1249//1156 1246//1156
f 1246//1156 1245//1156 1250//1156
f 1252//1157 1250//1157 1245//1157
f 1245//1157 1244//1157 1252//1157
f 1244//1158 1228//1158 1252//1158
f 1252//1159 1228//1159 1251//1159
f 1251//1160 1228//1160 1255//1160
f 1255//1161 1228//1161 1256//1161
f 1256//1162 1257//1162 1253//1162
f 1253//1162 1255//1162 1256//1162
f 1257//1163 1258//1163 1254//1163
f 1254//1163 1253//1163 1257//1163
f 1258//1164 1071//1164 1167//1164
f 1167//1164 1254//1164 1258//1164
f 1254//1165 1167//1165 1168//1165
f 1168//1165 1248//1165 1254//1165
f 1248//1166 1168//1166 1166//1166
f 1166//1166 1249//1166 1248//1166
f 1259//1167 1260//1167 1261//1167
f 1261//1167 1262//1167 1259//1167
f 1263//1168 1259//1168 1262//1168
f 1262//1168 1264//1168 1263//1168
f 1265//1169 1266//1169 1260//1169
f 1260//1169 1259//1169 1265//1169
f 1267//1170 1265//1170 1259//1170
f 1259//1170 1263//1170 1267//1170
f 1261//1171 1181//1171 1074//1171
f 1074//1171 1268//1171 1261//1171
f 1262//1172 1261//1172 1268//1172
f 1268//1172 1269//1172 1262//1172
f 1264//1173 1262//1173 1269//1173
f 1269//1173 1270//1173 1264//1173
f 1270//1174 1228//1174 1264//1174
f 1264//1175 1228//1175 1263//1175
f 1263//1176 1228//1176 1267//1176
f 1267//1177 1228//1177 1271//1177
f 1271//1178 1272//1178 1265//1178
f 1265//1178 1267//1178 1271//1178
f 1272//1179 1273//1179 1266//1179
f 1266//1179 1265//1179 1272//1179
f 1273//1180 1096//1180 1183//1180
f 1183//1180 1266//1180 1273//1180
f 1266//1181 1183//1181 1182//1181
f 1182//1181 1260//1181 1266//1181
f 1260//1182 1182//1182 1181//1182
f 1181//1182 1261//1182 1260//1182
f 1274//1183 1275//1183 1276//1183
f 1276//1183 1277//1183 1274//1183
f 1278//1184 1274//1184 1277//1184
f 1277//1184 1279//1184 1278//1184
f 1280//1185 1281//1185 1275//1185
f 1275//1185 1274//1185 1280//1185
f 1282//1186 1280//1186 1274//1186
f 1274//1186 1278//1186 1282//1186
f 1276//1187 1196//1187 1099//1187
f 1099//1187 1283//1187 1276//1187
f 1277//1188 1276//1188 1283//1188
f 1283//1188 1284//1188 1277//1188
f 1279//1189 1277//1189 1284//1189
f 1284//1189 1285//1189 1279//1189
f 1285//1190 1228//1190 1279//1190
f 1279//1191 1228//1191 1278//1191
f 1278//1192 1228//1192 1282//1192
f 1282//1193 1228//1193 1227//1193
f 1227//1194 1226//1194 1280//1194
f 1280//1194 1282//1194 1227//1194
f 1226//1195 1225//1195 1281//1195
f 1281//1195 1280//1195 1226//1195
f 1225//1196 1121//1196 1198//1196
f 1198//1196 1281//1196 1225//1196
f 1281//1197 1198//1197 1197//1197
f 1197//1197 1275//1197 1281//1197
f 1275//1198 1197//1198 1196//1198
f 1196//1198 1276//1198 1275//1198
f 1286//1199 1287//1199 1288//1199
f 1288//1199 1289//1199 1286//1199
f 1290//1200 1286//1200 1289//1200
f 1289//1200 1291//1200 1290//1200
f 1292//1201 1293//1201 1287//1201
f 1287//1201 1286//1201 1292//1201
f 1294//1202 1292//1202 1286//1202
f 1286//1202 1290//1202 1294//1202
f 1288//1203 1211//1203 1124//1203
f 1124//1203 1231//1203 1288//1203
f 1289//1204 1288//1204 1231//1204
f 1231//1204 1230//1204 1289//1204
f 1291//1205 1289//1205 1230//1205
f 1230//1205 1229//1205 1291//1205
f 1229//1206 1228//1206 1291//1206
f 1291//1207 1228//1207 1290//1207
f 1290//1208 1228//1208 1294//1208
f 1294//1209 1228//1209 1243//1209
f 1243//1210 1242//1210 1292//1210
f 1292//1210 1294//1210 1243//1210
f 1242//1211 1241//1211 1293//1211
f 1293//1211 1292//1211 1242//1211
f 1241//1212 1145//1212 1213//1212
f 1213//1212 1293//1212 1241//1212
f 1293//1213 1213//1213 1212//1213
f 1212//1213 1287//1213 1293//1213
f 1287//1214 1212//1214 1211//1214
f 1211//1214 1288//1214 1287//1214
f 1295//1215 1296//1215 1297//1215
f 1297//1215 1298//1215 1295//1215
f 1299//1216 1295//1216 1298//1216
f 1298//1216 1300//1216 1299//1216
f 1301//1217 1302//1217 1296//1217
f 1296//1217 1295//1217 1301//1217
f 1303//1218 1301//1218 1295//1218
f 1295//1218 1299//1218 1303//1218
f 1297//1219 1070//1219 1071//1219
f 1071//1219 1258//1219 1297//1219
f 1298//1220 1297//1220 1258//1220
f 1258//1220 1257//1220 1298//1220
f 1300//1221 1298//1221 1257//1221
f 1257//1221 1256//1221 1300//1221
f 1256//1222 1228//1222 1300//1222
f 1300//1223 1228//1223 1299//1223
f 1299//1224 1228//1224 1303//1224
f 1303//1225 1228//1225 1270//1225
f 1270//1226 1269//1226 1301//1226
f 1301//1226 1303//1226 1270//1226
f 1269//1227 1268//1227 1302//1227
f 1302//1227 1301//1227 1269//1227
f 1268//1228 1074//1228 1073//1228
f 1073//1228 1302//1228 1268//1228
f 1302//1229 1073//1229 1072//1229
f 1072//1229 1296//1229 1302//1229
f 1296//1230 1072//1230 1070//1230
f 1070//1230 1297//1230 1296//1230
f 1304//1231 1305//1231 1306//1231
f 1306//1231 1307//1231 1304//1231
f 1308//1232 1304//1232 1307//1232
f 1307//1232 1309//1232 1308//1232
f 1310//1233 1311//1233 1305//1233
f 1305//1233 1304//1233 1310//1233
f 1312//1234 1310//1234 1304//1234
f 1304//1234 1308//1234 1312//1234
f 1306//1235 1095//1235 1096//1235
f 1096//1235 1273//1235 1306//1235
f 1307//1236 1306//1236 1273//1236
f 1273//1236 1272//1236 1307//1236
f 1309//1237 1307//1237 1272//1237
f 1272//1237 1271//1237 1309//1237
f 1271//1238 1228//1238 1309//1238
f 1309//1239 1228//1239 1308//1239
f 1308//1240 1228//1240 1312//1240
f 1312//1241 1228//1241 1285//1241
f 1285//1242 1284//1242 1310//1242
f 1310//1242 1312//1242 1285//1242
f 1284//1243 1283//1243 1311//1243
f 1311//1243 1310//1243 1284//1243
f 1283//1244 1099//1244 1098//1244
f 1098//1244 1311//1244 1283//1244
f 1311//1245 1098//1245 1097//1245
f 1097//1245 1305//1245 1311//1245
f 1305//1246 1097//1246 1095//1246
f 1095//1246 1306//1246 1305//1246
f 1571//1473 1572//1473 1573//1473
f 1571//1474 1574//1474 1572//1474
f 1575//1475 1576//1475 1577//1475
f 1575//1476 1578//1476 1576//1476
f 1579//1477 1578//1477 1575//1477
f 1579//1478 1580//1478 1578//1478
f 1581//1479 1580//1479 1579//1479
f 1581//1480 1582//1480 1580//1480
f 1583//1481 1582//1481 1581//1481
f 1583//1482 1584//1482 1582//1482
f 1585//1483 1584//1483 1583//1483
f 1585//1484 1586//1484 1584//1484
f 1587//1485 1588//1485 1585//1485
f 1588//1486 1586//1486 1585//1486
f 1587//1487 1589//1487 1588//1487
f 1590//1488 1586//1488 1588//1488
f 1587//1489 1591//1489 1589//1489
f 1592//1490 1586//1490 1590//1490
f 1592//1491 1593//1491 1586//1491
f 1594//1492 1591//1492 1587//1492
f 1594//1493 1595//1493 1591//1493
f 1596//1494 1593//1494 1592//1494
f 1594//1495 1597//1495 1595//1495
f 1598//1496 1593//1496 1596//1496
f 1594//1497 1599//1497 1597//1497
f 1600//1498 1593//1498 1598//1498
f 1600//1499 1601//1499 1593//1499
f 1602//1500 1599//1500 1594//1500
f 1602//1501 1603//1501 1599//1501
f 1604//1502 1601//1502 1600//1502
f 1602//1503 1605//1503 1603//1503
f 1606//1504 1601//1504 1604//1504
f 1606//1505 1607//1505 1601//1505
f 1608//1506 1605//1506 1602//1506
f 1608//1507 1609//1507 1605//1507
f 1610//1508 1607//1508 1606//1508
f 1610//1509 1611//1509 1607//1509
f 1612//1510 1609//1510 1608//1510
f 1612//1511 1613//1511 1609//1511
f 1614//1512 1611//1512 1610//1512
f 1612//1513 1615//1513 1613//1513
f 1616//1514 1611//1514 1614//1514
f 1616//1515 1617//1515 1611//1515
f 1618//1516 1615//1516 1612//1516
f 1618//1517 1619//1517 1615//1517
f 1620//1518 1617//1518 1616//1518
f 1620//1519 1621//1519 1617//1519
f 1622//1520 1619//1520 1618//1520
f 1622//1521 1623//1521 1619//1521
f 1624//1522 1621//1522 1620//1522
f 1625//1523 1623//1523 1622//1523
f 1625//1524 1626//1524 1623//1524
f 1627//1525 1621//1525 1624//1525
f 1627//1526 1628//1526 1621//1526
f 1625//1527 1629//1527 1626//1527
f 1630//1528 1628//1528 1627//1528
f 1630//1529 1631//1529 1628//1529
f 1632//1530 1629//1530 1625//1530
f 1632//1531 1633//1531 1629//1531
f 1634//1532 1631//1532 1630//1532
f 1634//1533 1635//1533 1631//1533
f 1636//1534 1633//1534 1632//1534
f 1636//1535 1637//1535 1633//1535
f 1638//1536 1635//1536 1634//1536
f 1636//1537 1639//1537 1637//1537
f 1640//1538 1635//1538 1638//1538
f 1640//1539 1641//1539 1635//1539
f 1642//1540 1639//1540 1636//1540
f 1642//1541 1643//1541 1639//1541
f 1644//1542 1641//1542 1640//1542
f 1644//1543 1645//1543 1641//1543
f 1646//1544 1643//1544 1642//1544
f 1646//1545 1647//1545 1643//1545
f 1648//1546 1645//1546 1644//1546
f 1646//1547 1649//1547 1647//1547
f 1650//1548 1645//1548 1648//1548
f 1651//1549 1649//1549 1646//1549
f 1650//1550 1652//1550 1645//1550
f 1651//1551 1653//1551 1649//1551
f 1654//1552 1652//1552 1650//1552
f 1651//1553 1655//1553 1653//1553
f 1656//1554 1652//1554 1654//1554
f 1651//1555 1657//1555 1655//1555
f 1658//1556 1652//1556 1656//1556
f 1659//1557 1657//1557 1651//1557
f 1658//1558 1660//1558 1652//1558
f 1659//1559 1661//1559 1657//1559
f 1661//1560 1660//1560 1658//1560
f 1659//1561 1660//1561 1661//1561
f 1662//1562 1660//1562 1659//1562
f 1662//1563 1663//1563 1660//1563
f 1664//1564 1663//1564 1662//1564
f 1664//1565 1665//1565 1663//1565
f 1666//1566 1665//1566 1664//1566
f 1666//1567 1667//1567 1665//1567
f 1668//1568 1667//1568 1666//1568
f 1668//1569 1669//1569 1667//1569
f 1670//1570 1669//1570 1668//1570
f 1572//1571 1671//1571 1672//1571
f 1572//1572 1574//1572 1671//1572
f 1574//1573 1673//1573 1671//1573
f 1573//1574 1674//1574 1675//1574
f 1573//1575 1572//1575 1674//1575
f 1572//1576 1672//1576 1674//1576
usemtl mat7
f 1313//1247 1314//1247 1315//1247
f 1315//1247 1316//1247 1313//1247
f 1313//1248 1316//1248 1317//1248
f 1317//1248 1318//1248 1313//1248
f 1313//1249 1318//1249 1319//1249
f 1319//1249 1314//1249 1313//1249
f 1320//1250 1321//1250 1322//1250
f 1322//1250 1323//1250 1320//1250
f 1320//1251 1323//1251 1324//1251
f 1324//1251 1325//1251 1320//1251
f 1320//1252 1325//1252 1319//1252
f 1319//1252 1321//1252 1320//1252
f 1326//1253 1327//1253 1328//1253
f 1328//1253 1329//1253 1326//1253
f 1326//1254 1329//1254 1330//1254
f 1330//1254 1331//1254 1326//1254
f 1326//1255 1331//1255 1319//1255
f 1319//1255 1327//1255 1326//1255
f 1332//1256 1333//1256 1334//1256
f 1334//1256 1335//1256 1332//1256
f 1332//1257 1335//1257 1328//1257
f 1328//1257 1327//1257 1332//1257
f 1332//1258 1327//1258 1319//1258
f 1319//1258 1333//1258 1332//1258
f 1336//1259 1318//1259 1317//1259
f 1317//1259 1337//1259 1336//1259
f 1336//1260 1337//1260 1338//1260
f 1338//1260 1339//1260 1336//1260
f 1336//1261 1339//1261 1319//1261
f 1319//1261 1318//1261 1336//1261
f 1340//1262 1325//1262 1324//1262
f 1324//1262 1341//1262 1340//1262
f 1340//1263 1341//1263 1315//1263
f 1315//1263 1314//1263 1340//1263
f 1340//1264 1314//1264 1319//1264
f 1319//1264 1325//1264 1340//1264
f 1342//1265 1331//1265 1330//1265
f 1330//1265 1343//1265 1342//1265
f 1342//1266 1343//1266 1322//1266
f 1322//1266 1321//1266 1342//1266
f 1342//1267 1321//1267 1319//1267
f 1319//1267 1331//1267 1342//1267
f 1344//1268 1339//1268 1338//1268
f 1338//1268 1345//1268 1344//1268
f 1344//1269 1345//1269 1334//1269
f 1334//1269 1333//1269 1344//1269
f 1344//1270 1333//1270 1319//1270
f 1319//1270 1339//1270 1344//1270
f 1346//1271 1347//1271 1348//1271
f 1348//1271 1349//1271 1346//1271
f 1346//1272 1350//1272 1351//1272
f 1351//1272 1347//1272 1346//1272
f 1346//1273 1349//1273 1352//1273
f 1352//1273 1350//1273 1346//1273
f 1353//1274 1354//1274 1355//1274
f 1355//1274 1356//1274 1353//1274
f 1353//1275 1357//1275 1358//1275
f 1358//1275 1354//1275 1353//1275
f 1353//1276 1356//1276 1352//1276
f 1352//1276 1357//1276 1353//1276
f 1359//1277 1360//1277 1361//1277
f 1361//1277 1362//1277 1359//1277
f 1359//1278 1363//1278 1364//1278
f 1364//1278 1360//1278 1359//1278
f 1359//1279 1362//1279 1352//1279
f 1352//1279 1363//1279 1359//1279
f 1365//1280 1366//1280 1367//1280
f 1367//1280 1368//1280 1365//1280
f 1365//1281 1362//1281 1361//1281
f 1361//1281 1366//1281 1365//1281
f 1365//1282 1368//1282 1352//1282
f 1352//1282 1362//1282 1365//1282
f 1369//1283 1370//1283 1351//1283
f 1351//1283 1350//1283 1369//1283
f 1369//1284 1371//1284 1372//1284
f 1372//1284 1370//1284 1369//1284
f 1369//1285 1350//1285 1352//1285
f 1352//1285 1371//1285 1369//1285
f 1373//1286 1374//1286 1358//1286
f 1358//1286 1357//1286 1373//1286
f 1373//1287 1349//1287 1348//1287
f 1348//1287 1374//1287 1373//1287
f 1373//1288 1357//1288 1352//1288
f 1352//1288 1349//1288 1373//1288
f 1375//1289 1376//1289 1364//1289
f 1364//1289 1363//1289 1375//1289
f 1375//1290 1356//1290 1355//1290
f 1355//1290 1376//1290 1375//1290
f 1375//1291 1363//1291 1352//1291
f 1352//1291 1356//1291 1375//1291
f 1377//1292 1378//1292 1372//1292
f 1372//1292 1371//1292 1377//1292
f 1377//1293 1368//1293 1367//1293
f 1367//1293 1378//1293 1377//1293
f 1377//1294 1371//1294 1352//1294
f 1352//1294 1368//1294 1377//1294
